ticker,date,open,high,low,close,volume,daily_return,volatility_14d
aapl,2024-07-29,215.95008057489312,218.27918447457571,214.745706315722,217.22412109375,36311800,,
aapl,2024-07-30,218.16970866418467,219.30440154226625,215.11399172426283,217.78152465820312,41643800,0.0025627431504204276,
aapl,2024-07-31,220.40921389598267,222.77814001369308,219.6029868223781,221.04623413085935,50036300,0.014879504046120793,
aapl,2024-08-01,223.3255700813178,223.43505864730557,216.0097928775357,217.3435516357422,62501000,-0.016892594967469823,
aapl,2024-08-02,218.1298614428512,224.54984915998065,216.6965773298152,218.8365631103516,105568600,0.006845875156097345,
aapl,2024-08-05,198.16323265092015,212.5061577637865,195.08762024216463,208.2958526611328,119548600,-0.049365726381781036,
aapl,2024-08-06,204.34434168651265,209.01251239840332,200.13403637997632,206.26535034179688,69660500,-0.009795989311541202,
aapl,2024-08-07,205.9369016050796,212.6455332580988,205.4292810556757,208.84332275390625,63516400,0.012420870595193662,
aapl,2024-08-08,212.1179963940502,213.2029189157903,207.85792055043288,212.3170623779297,47161100,0.01649641572442939,
aapl,2024-08-09,211.1127008665185,215.77090862412464,210.9833011439981,215.23342895507807,42201600,0.013642420569795602,
aapl,2024-08-12,215.31315848368172,218.7410960979999,214.8448035806853,216.76803588867188,38028100,0.007104667523524206,
aapl,2024-08-13,218.2428558389481,221.11277276612057,218.2428558389481,220.4949493408203,44155300,0.017046966382873504,
aapl,2024-08-14,219.7973936824548,222.24876826808693,218.93043078284688,220.943359375,41960600,0.002031587107665246,
aapl,2024-08-15,223.813271274212,224.56064415441705,221.97970491871703,223.93284606933597,46414000,0.013439836325990518,
aapl,2024-08-16,223.1356500786779,226.0354605653956,222.86659157853387,225.25819396972656,44340200,0.005901060476489845,0.28438441672539844
aapl,2024-08-19,224.92933693390268,225.19839542072492,222.2587166767679,225.09873962402344,40687800,-0.00070812433637377,0.2847297829220365
aapl,2024-08-20,224.9791850293864,226.3742750764108,224.6602986155859,225.71658325195312,30299000,0.0027410071637135264,0.2789834614992727
aapl,2024-08-21,225.7265541171402,227.18143154067607,224.26170199000447,225.60696411132807,34765500,-0.0004857674429842999,0.26642463825812523
aapl,2024-08-22,226.9920749311584,227.54015139464096,223.11570169720304,223.74349975585935,43695300,-0.008294083072754385,0.26954444210312817
aapl,2024-08-23,224.86956599566977,227.42059644239848,223.5442228703079,226.04542541503903,38677300,0.010235671124185174,0.1373560218758541
aapl,2024-08-26,225.96568932825608,226.4838721062008,223.10574735994535,226.38421630859372,30602200,0.0014976514606272846,0.11964882609545119
aapl,2024-08-27,225.208374045966,228.0483972344343,224.1022615121284,227.23126220703125,35934600,0.003734647176193418,0.11717442074588805
aapl,2024-08-28,227.1216236092518,229.05483047059747,224.8894645684117,225.69664001464844,38052200,-0.006776478364095547,0.11846207305686521
aapl,2024-08-29,229.29401907737392,232.1041333637585,228.07829123837303,228.98509216308597,51906300,0.014465104951230387,0.11975535376958206
aapl,2024-08-30,229.3836948285937,229.59295072736157,226.68318070354871,228.19786071777344,52990800,-0.003443838920067229,0.12348229702660132
aapl,2024-09-03,227.74943764667492,228.1978583447122,220.39528345963856,221.98968505859372,50190600,-0.027582145697797916,0.16719703786987883
aapl,2024-09-04,220.8835610121704,221.0031358039712,216.71819503548093,220.07640075683597,43840200,-0.008656154859393608,0.17137418402376087
aapl,2024-09-05,220.85367082984084,224.6901757794695,220.744055533832,221.60104370117188,36615400,0.006903902471484476,0.16328294542069904
aapl,2024-09-06,223.16553454066076,224.4510243839852,219.00018373655976,220.0465087890625,48423000,-0.007039737108450975,0.1622959359543636
aapl,2024-09-09,220.0465188525148,220.49493955114087,215.95091475509392,220.13619995117188,67180000,0.0004075178855041468,0.162493279400728
aapl,2024-09-10,218.15315521125123,220.70418549359823,215.97082401031443,219.3389892578125,51591000,-0.0036280162674698323,0.1614441939822112
aapl,2024-09-11,220.6842723421212,222.3085524071335,217.126770108234,221.88006591796875,44587100,0.011518563060911074,0.17142000557012307
aapl,2024-09-12,221.7206265576352,222.76695165661573,219.0500213655269,221.98968505859372,37455600,0.0004939248174149464,0.16838790555862573
aapl,2024-09-13,222.7968302980212,223.2552104631355,221.1326819144566,221.7206115722656,36766600,-0.0012128342360067687,0.16100039778280342
aapl,2024-09-16,215.78148650258865,216.45911247240772,213.17066883128115,215.5622711181641,59357400,-0.028168253949020252,0.19609393450568635
aapl,2024-09-17,214.9942587915762,216.1402244248995,213.7486373617293,216.03060913085935,45519300,0.0021702776758122985,0.19508504515409067
aapl,2024-09-18,216.7879611815548,221.9298901997397,216.777986478492,219.91696166992188,59894900,0.017829921562864094,0.21432813816760865
aapl,2024-09-19,224.20191472936156,229.01499812075548,223.84317512238368,228.0683135986328,66781300,0.03639517697722444,0.26166216930675384
aapl,2024-09-20,229.1644542640561,232.27352055331795,226.82267984404157,227.4006500244141,318679900,-0.0029317653046456132,0.26155139089705187
aapl,2024-09-23,226.54365969576136,228.6462693022069,225.01902026418156,225.6767120361328,54146000,-0.007609942372958266,0.2332930322422174
aapl,2024-09-24,227.8490778167103,228.5466380182851,224.93930782860403,226.5735626220703,43556100,0.003966174535889598,0.2290888755771693
aapl,2024-09-25,224.1421137055169,226.49384776666977,223.23531278607825,225.5770721435547,42308700,-0.004407788092122036,0.2294964144103465
aapl,2024-09-26,226.5038071284677,227.69960067739044,224.62042810744603,226.72303771972656,36636700,0.0050672905148682725,0.22673004385428377
aapl,2024-09-27,227.6597471643239,228.71603171782343,226.50380681299467,226.99208068847656,34026000,0.0011859556332518182,0.22663910783408903
aapl,2024-09-30,229.234199611622,232.183837890625,228.84556632808733,232.183837890625,54541900,0.022614332542489967,0.24050223525713021
aapl,2024-10-01,228.71602079696683,228.8455550815525,222.95626872131425,225.4176177978516,63285000,-0.029574701660807636,0.2763378046715591
aapl,2024-10-02,225.09874435066007,226.573555899704,222.2388023482828,225.98562622070312,32880600,0.002516635536700351,0.27638082224415367
aapl,2024-10-03,224.3513743130228,226.01552277761735,222.53775735368689,224.8795166015625,34044200,-0.004906619444299334,0.2774673408355473
aapl,2024-10-04,227.1017072618697,227.20136306464835,223.3449237414969,226.0055694580078,37245100,0.004994865576119169,0.24345234108316485
aapl,2024-10-07,223.71363756752507,224.89947175407843,220.5547430398763,220.9134826660156,39505400,-0.02278849886838846,0.2676786030523582
aapl,2024-10-08,223.5143196873273,225.1884276449642,222.4679946111341,224.9791717529297,31855700,0.018236684212823238,0.26816191326358113
aapl,2024-10-09,224.44106139019917,228.94523301761677,224.0424685900414,228.7359619140625,33591100,0.0165605056582268,0.2285941827950784
aapl,2024-10-10,226.98212047614996,228.6960967971132,226.3742566041183,228.2377014160156,28183500,-0.002180697644017493,0.22841630071566005
aapl,2024-10-11,228.4968150773993,228.60643037956845,226.54367384020583,226.75294494628903,31759200,-0.006526559400644455,0.22773773962699695
aapl,2024-10-14,227.89890830734765,230.91829362955485,227.79926770980504,230.48980712890625,39882100,0.01634556421391092,0.2374097561744835
aapl,2024-10-15,232.7917037363273,236.65811760908664,231.5560417756155,233.03086853027344,64751400,0.01096428699310378,0.23929150268978694
aapl,2024-10-16,230.78874694170784,231.3069145139278,229.0349022193022,230.96810913085935,34082200,-0.00889128247249375,0.24347888051895764
aapl,2024-10-17,232.6123377292532,233.0308799404877,229.71254238803704,231.3368225097656,32993800,0.0015951093395283208,0.24348053812413611
aapl,2024-10-18,235.3527087996536,235.3527087996536,233.1903116322836,234.1768493652344,46431500,0.012201841807904948,0.22946018122878267
aapl,2024-10-21,233.62876897482323,236.02037141360947,233.62876897482323,235.6516571044922,36254500,0.006278088975024549,0.18393636738632219
aapl,2024-10-22,233.07072804715943,235.3925683333293,231.7852533575211,235.0338287353516,38846600,-0.0026252295537384294,0.18557751648371668
aapl,2024-10-23,233.26006870913344,234.31635331873264,226.96219904424217,229.95169067382807,52287000,-0.02186020953636408,0.2113782510529152
aapl,2024-10-24,229.17441473320773,230.0114839114603,227.60992208421712,229.76235961914065,31109500,-0.0008236905757887018,0.21100428780673272
aapl,2024-10-25,228.935262581316,232.4030684340921,228.76585988907573,230.5994110107422,38802300,0.0036364979346345957,0.18038619972550085
aapl,2024-10-28,232.5027368410313,233.9077863541258,231.7354297301684,232.5824432373047,36087100,0.00856270307080477,0.16891882391471133
aapl,2024-10-29,232.2835059613629,233.50919327337172,231.5062393532264,232.85150146484372,35417200,0.0011561608712586007,0.15598881213586133
aapl,2024-10-30,231.79520878623467,232.6521969660621,228.74592985962587,229.29400634765625,47070900,-0.015395867002918602,0.17101433756183582
aapl,2024-10-31,228.5366609095724,229.02495000446748,224.5805658660821,225.11868286132807,64370100,-0.018377308091255165,0.18687950958529065
aapl,2024-11-01,220.1959891516409,224.56065178607977,219.49844414747824,222.1291961669922,65276700,-0.013368565207085103,0.17717644881967268
aapl,2024-11-04,220.21591416091667,222.0095968952219,218.94039900502227,221.2323303222656,44944500,-0.004045759564055166,0.1659238593772854
aapl,2024-11-05,221.02308305755813,223.1655459656629,220.36539125313263,222.66729736328125,28111300,0.00646529958573896,0.1693858658298376
aapl,2024-11-06,221.83023455712816,225.27812143912797,220.41521040716108,221.9398498535156,54561100,-0.0032723187805198855,0.16829638284887566
aapl,2024-11-07,223.8431738287627,227.081789771112,223.7833864288354,226.6831817626953,42137700,0.021146969011772373,0.18714355949286374
aapl,2024-11-08,226.6233197345054,228.10973956989392,225.8651541338214,226.4138336181641,38328800,-0.0011889205495317808,0.18312937369942223
aapl,2024-11-11,224.4585504714927,225.15686291743447,220.96697301971395,223.69039916992188,42005600,-0.012101497769472336,0.1872640260811748
aapl,2024-11-12,224.0096364149637,225.04712701721013,222.82249764582767,223.69039916992188,40398300,0.0,0.16774191961464216
aapl,2024-11-13,223.4709328440985,226.10457929193407,222.2239408664857,224.5782623291016,48566200,0.003961304442895772,0.16959505819924264
aapl,2024-11-14,224.478510489453,228.3192366196321,224.4585543557752,227.6708068847656,44923900,0.013676502486041821,0.18062917594231268
aapl,2024-11-15,225.8551667084814,226.3739196007606,223.73030286311797,224.4585418701172,47923700,-0.014209734776587086,0.1832911376958249
aapl,2024-11-18,224.7079445945764,229.18714506333228,224.62813528483125,227.4712829589844,44633700,0.01333298027281955,0.19495969884789602
aapl,2024-11-19,226.43377721041003,229.6061325797712,226.11455519341968,227.73065185546875,36211800,0.001139577425824806,0.18474719639519865
aapl,2024-11-20,227.51117324017343,229.37666823104936,225.34639715216647,228.44891357421875,35169600,0.0031490332611524975,0.16596173164013572
aapl,2024-11-21,228.3292117939797,229.60613029336437,225.16684213362325,227.97007751464844,42108300,-0.002098230987732818,0.15339510081137492
aapl,2024-11-22,227.51117639639196,230.16477882059493,227.51117639639196,229.3168182373047,38168300,0.005890151800999212,0.1517710394477359
aapl,2024-11-25,230.9030055193102,232.6886912431441,229.1871434272115,232.30960083007807,90152800,0.012966435195332571,0.1574122020862327
aapl,2024-11-26,232.76849125195545,235.0031061533749,232.76849125195545,234.49432373046875,45986200,0.009360413385804367,0.15673380876171467
aapl,2024-11-27,233.90577001446653,235.12283541072824,233.24735459247512,234.3646545410156,33498400,-0.0005531266277003581,0.1362252309460258
aapl,2024-11-29,234.24494059041533,237.2377212602243,233.4069656561656,236.7588806152344,28481400,0.010163986755650245,0.13894716924871334
aapl,2024-12-02,236.69901868412032,240.21053691361496,236.58928278806928,239.013427734375,48137100,0.009477491461223174,0.12204148054273399
aapl,2024-12-03,239.232908507596,242.1758064568113,238.32509471728144,242.06607055664065,38861000,0.01269097438059932,0.12435704169799987
aapl,2024-12-04,242.28553892887177,243.5225604021956,240.66944226019712,242.4252014160156,44383900,0.0014825073058111879,0.12544526313725884
aapl,2024-12-05,243.40284992887905,243.95151419061432,241.54732536132988,242.4551239013672,40033900,0.00012342214698031823,0.12135340608160132
aapl,2024-12-06,242.325438826628,244.0413008508573,241.49743440151173,242.25559997558597,36870600,-0.0008232701577331151,0.09080356942559749
aapl,2024-12-09,241.2480458688008,246.6450305346601,241.1682365595268,246.1562042236328,44649200,0.015972943920924944,0.0957994697402853
aapl,2024-12-10,246.2958646584201,247.612695417372,244.7495916510093,247.1737518310547,36914800,0.004125227093723223,0.09389999250095717
aapl,2024-12-11,247.36328368802745,250.196445491468,245.6673626102133,245.89682006835935,45205800,-0.005179520702315107,0.10458747335361541
aapl,2024-12-12,246.2958641332418,248.1414182384854,245.08876927344312,247.36329650878903,32777500,0.00594607474574656,0.09904249802572325
aapl,2024-12-13,247.223631137632,248.69007959411312,245.647431564018,247.5328826904297,33155300,0.0006853404629344307,0.10141617938524435
aapl,2024-12-16,247.3932192907539,250.7750606707362,247.054025929588,250.4358673095703,51694800,0.011659436483267057,0.09967760424904783
aapl,2024-12-17,249.4781833194368,253.21915892963327,249.1789022262073,252.8699951171875,51356400,0.009672634345663218,0.09992859087749555
aapl,2024-12-18,251.55318925842403,253.66808268004456,247.14382766353577,247.4530792236328,56774100,-0.021654518225942266,0.15120057409235965
aapl,2024-12-19,246.9044059960769,251.3935770141874,246.49538898335237,249.1888885498047,60882300,0.006990212293290233,0.14923107155299256
aapl,2024-12-20,247.4431032675572,254.3863612366688,245.09876750312787,253.87759399414065,147495300,0.01864104001678226,0.1607791356034085
aapl,2024-12-23,254.15691915529425,255.03479114956255,252.8400883307868,254.6557159423828,40858800,0.003060261895574557,0.1561729579607792
aapl,2024-12-24,254.87518901917565,257.58862955018265,254.67565812568796,257.57867431640625,23234700,0.011412705416820603,0.1591899730049948
aapl,2024-12-26,257.56867823862046,259.47408555117545,257.0100282923795,258.39666748046875,27237100,0.003170670313421276,0.15815032863543727
aapl,2024-12-27,257.2095296020788,258.0774615569102,252.4510193654514,254.9749298095703,42355300,-0.01333064922490271,0.17444808817784205
aapl,2024-12-30,251.62302046123372,252.8899685500744,250.14658624824915,251.5930938720703,35557500,-0.013352150242557398,0.17862580136719403
aapl,2024-12-31,251.8325261089863,252.670501064015,248.82975968702823,249.8173828125,39480700,-0.007082893420455391,0.1818073529421465
aapl,2025-01-02,248.3309608077005,248.5005651105234,241.23808511721737,243.26319885253903,55740700,-0.026586202153792978,0.21501532928832154
aapl,2025-01-03,242.7743682861328,243.5923870862029,241.3079045417172,242.7743682861328,40244100,-0.0020114936139841956,0.21283726025015903
aapl,2025-01-06,243.7220736759316,246.73481040856495,242.61474424512696,244.4104156494141,45045600,0.006716357190635639,0.2154701897317302
aapl,2025-01-07,242.3952722906863,244.9590949760797,240.76920518354387,241.62713623046875,40856000,-0.01145306502472058,0.2116194593466055
aapl,2025-01-08,241.33781457710973,243.12351544341067,239.4723196272597,242.11593627929688,37628900,0.0020209083828319316,0.20544717959029118
aapl,2025-01-10,239.4324132245663,239.58206138453852,232.4392881886217,236.280029296875,61710900,-0.02439902053970727,0.21051821828022205
aapl,2025-01-13,232.96802072299363,234.10527676213235,229.16719172961072,233.8359222412109,49630700,-0.010397984023472317,0.20693752489151912
aapl,2025-01-14,234.1850763475817,235.55177458449063,231.9105643637605,232.71861267089844,39435300,-0.004789629604594716,0.17789217168291782
aapl,2025-01-15,234.07533889356796,238.38495013235743,233.8658375602648,237.2975616455078,39832000,0.0194848351770419,0.20593243676836692
aapl,2025-01-16,236.7788301031648,237.4372302632713,227.4812511099753,227.710693359375,71759100,-0.04123895352143704,0.24231779451629357
aapl,2025-01-17,231.5614090278119,231.73099810398452,227.93016912923343,229.4265594482422,68488300,0.007507041425975438,0.24712236176405078
aapl,2025-01-21,223.4609453061096,223.87993275191027,218.85206818023312,222.10421752929688,98070400,-0.03243625583867951,0.2668756532061918
aapl,2025-01-22,219.2610651192188,223.58064673096771,219.2610651192188,223.29135131835935,64126500,0.005330706829025811,0.27381554492484134
aapl,2025-01-23,224.19918327232872,226.4836658384098,221.7650525382596,223.1217803955078,60234800,-0.0007597040452469747,0.2757678659034656
aapl,2025-01-24,224.2390682481495,225.08702882156652,220.877182986192,222.24388122558597,54697900,-0.003942379858285802,0.2627246656850595
aapl,2025-01-27,223.48089669223063,231.59132137138343,223.44098442848647,229.3068389892578,94863400,0.031285671956734366,0.3077610978215075
aapl,2025-01-28,230.2944737209622,239.61199368769647,230.25456145519,237.68663024902344,75707600,0.03589211153298729,0.3496383965739184
aapl,2025-01-29,233.5566008159093,239.2827933650634,233.4468649147594,238.78399658203125,45486100,0.004606236823364799,0.3478491763629107
aapl,2025-01-30,238.0956370515832,240.21053038482776,236.63915907674937,237.0182342529297,55658300,-0.007422287332984537,0.3486470824738672
aapl,2025-01-31,246.59515764263173,246.59515764263173,232.87824601959832,235.4320831298828,100959800,-0.006714598441762216,0.3339130859199608
aapl,2025-02-03,229.43654993330725,231.27211844312276,225.15686500690927,227.4613037109375,73063300,-0.034442347164729575,0.362433081587094
aapl,2025-02-04,226.70312948058964,232.5689843025687,226.10456727432145,232.23977661132807,45067300,0.020790227483605844,0.37462464135782003
aapl,2025-02-05,227.9800473088197,232.11008389811693,227.72067847197076,231.9105682373047,39620300,-0.0014185422153901188,0.36372909091722194
aapl,2025-02-06,230.7334042435517,233.23737378273856,229.875473186273,232.6587677001953,29925300,0.0032210481919599182,0.31563230911205453
aapl,2025-02-07,232.04025529180169,233.43688010961284,226.71309440770744,227.08221435546875,39707200,-0.024260734117072132,0.3323169768071839
aapl,2025-02-10,229.26935130196645,230.2880044885276,226.90244480659103,227.3518524169922,33115600,0.0011866984140591096,0.2990954932556628
aapl,2025-02-11,227.9011437031964,234.92193591818145,227.83124330015124,232.3153533935547,53718400,0.021596902445468382,0.31069360865740137
aapl,2025-02-12,230.89721134547665,236.64967765066984,230.377888084301,236.55978393554688,45243300,0.01810523163596987,0.3167193033770356
aapl,2025-02-13,236.5997394445533,242.02262084431052,235.2614980047627,241.21368408203125,53614100,0.0194822344017541,0.3206461502752824
aapl,2025-02-14,240.9340443537928,245.22841586050225,240.6743903515472,244.2796630859375,40896200,0.012630532555837926,0.3011351567387828
aapl,2025-02-18,243.83025306858283,244.85890295305825,241.52328070167576,244.14984130859372,48822500,-0.0005315886089307869,0.26506381792531825
aapl,2025-02-19,244.33958470767533,245.6878075369989,242.84154918255663,244.5493011474609,32204200,0.0016347887406708917,0.2647789315292302
aapl,2025-02-20,244.61922281669612,246.4568094488268,243.9700649298591,245.508056640625,32316900,0.003912834696433904,0.2615530159394997
aapl,2025-02-21,245.6278941258364,248.364311233094,244.8988544206072,245.2284240722656,53197400,-0.0011396446346051974,0.2587949665574008
aapl,2025-02-24,244.609226181644,248.53408727873096,244.09989957647332,246.77639770507807,51326400,0.006292534837416398,0.19455230223926026
aapl,2025-02-25,247.67521063757025,249.67259136851837,244.58926106556868,246.71646118164065,48013300,-0.00024290735986469257,0.1833239774316951
aapl,2025-02-26,244.0100136784052,244.65915630674968,238.8168269352331,240.0452117919922,44433600,-0.02741245874559192,0.22705136100677462
aapl,2025-02-27,239.09646458024957,242.14247324939225,236.749536120712,236.98922729492188,41153600,-0.012812602416636874,0.23602589213646788
aapl,2025-02-28,236.6396744702452,241.77294223985544,229.8985146337964,241.5232696533203,56833400,0.018951137472707987,0.21556530642960228
aapl,2025-03-03,241.47333193183624,243.71040379171197,235.80077808405883,237.71826171875,47184000,-0.015879624956666456,0.23203379776339594
aapl,2025-03-04,237.39870037793835,239.75561031847352,234.3726544629493,235.6210174560547,53798100,-0.008861542150116603,0.22089966301370298
aapl,2025-03-05,235.11168617953675,236.2402111793479,228.9297903220316,235.4312744140625,47227600,-0.0008056135402760656,0.20663910753551382
aapl,2025-03-06,234.13297099659667,237.54849020730907,232.8546485518437,235.0218048095703,45170400,-0.001740746212420206,0.1857315090493901
aapl,2025-03-07,234.80209169163373,241.05388787370777,234.45254396930395,238.7569122314453,46273600,0.015767634433021885,0.1908806336548103
aapl,2025-03-10,235.23152514577004,235.8507235430885,223.92635798057333,227.1820831298828,72071200,-0.04969410642260904,0.27899910632637137
aapl,2025-03-11,223.51689291637277,225.54423318142804,217.16522145004404,220.55078125,76137400,-0.029623855448544453,0.2953169112857737
aapl,2025-03-12,219.85169651198805,221.4595886104368,214.6285501658544,216.69583129882807,62547500,-0.01763329766774667,0.2934909971078969
aapl,2025-03-13,215.6671885752157,216.55602242060417,208.1470510912824,209.4053955078125,61368300,-0.03422260654015092,0.3096169741889857
aapl,2025-03-14,210.97334672214788,213.66980775083545,209.30553558500117,213.21041870117188,60107600,0.01800749468460925,0.32605831727815604
aapl,2025-03-17,213.0306430192638,214.9381453068513,209.69502079955336,213.71974182128903,48073400,0.00238597976362677,0.3278384142162335
aapl,2025-03-18,213.87952928252255,214.8682229774316,211.2130278733229,212.4114532470703,42432400,-0.006140328142879073,0.31854907026371826
aapl,2025-03-19,213.9394462086688,218.47349365471305,213.470060528986,214.95811462402344,54385400,0.011917982523606032,0.32950511850678094
aapl,2025-03-20,213.70975404736052,217.20517028159983,211.94206785632255,213.81961059570312,48862900,-0.005310475040786,0.3078764896478606
aapl,2025-03-21,211.2829271905112,218.5533916912833,211.0032951126973,217.9841461181641,94127800,0.019289617510332684,0.32751429114838904
aapl,2025-03-24,220.71056863168135,221.1899357355996,218.29373979930332,220.44091796875,44299500,0.011207377347128933,0.33531615255401503
aapl,2025-03-25,220.48087718007704,223.8065179397524,219.79177838679217,223.45697021484372,34493600,0.013589155251906744,0.34405193710118953
aapl,2025-03-26,223.21727075576555,224.7253029108424,220.1812588497044,221.2398681640625,34466100,-0.009971379284262116,0.344901153263361
aapl,2025-03-27,221.1000540446544,224.69534536875565,220.271139232742,223.5568389892578,37094800,0.010418205641834703,0.33956824008385816
aapl,2025-03-28,221.3796909591809,223.51688772665744,217.3949109244516,217.6146240234375,39818600,-0.026939976158929048,0.2914324032343349
aapl,2025-03-31,216.7257910285717,225.324515696878,215.9468137615173,221.83909606933597,65299300,0.019226607889126734,0.2785740323788017
aapl,2025-04-01,219.5221267668628,223.3870536043053,218.61331487709137,222.897705078125,36412700,0.004760617989655665,0.26638306193727673
aapl,2025-04-02,221.03016017035927,224.89508702876748,220.73055001137132,223.59678649902344,35905900,0.0031314249350967594,0.20879672595974838
aapl,2025-04-03,205.27081771109025,207.2182761783418,200.9864426085102,202.9239044189453,103419000,-0.09701331584053502,0.47150611986699104
aapl,2025-04-04,193.6360793511012,199.61824028069563,187.09465424061224,188.13330078125,125910900,-0.0756802954031036,0.560450635484476
aapl,2025-04-07,176.967935484531,193.89573468350997,174.39131242893686,181.2223663330078,160466300,-0.03742593778352885,0.5728205102179552
aapl,2025-04-08,186.4554964395268,190.0907289212104,168.9884109270566,172.19419860839844,120859500,-0.05110191892092409,0.5854731069310316
aapl,2025-04-09,171.724804500432,200.3472738997123,171.6648855169899,198.58958435058597,184395900,0.14261740329172762,0.8927926071259356
aapl,2025-04-10,188.82240088513316,194.52491452460524,182.76034285398336,190.17062377929688,121880000,-0.04331861579824634,0.8988895859216645
aapl,2025-04-11,185.856281088865,199.27866665425725,185.81632494094944,197.89048767089844,87435900,0.03979209603829932,0.919747363881233
aapl,2025-04-14,211.1630921847052,212.6611277249045,200.8965565016436,202.25477600097656,101352900,0.021814384892108546,0.9240911443318999
aapl,2025-04-15,201.59564256833872,203.24347561495443,199.538342804848,201.87527465820312,51343900,-0.001878115491318952,0.9242451099015793
aapl,2025-04-16,198.1002191117624,200.4371508814261,192.11805840887249,194.0155792236328,59732400,-0.03971159339649635,0.9308596034584972
aapl,2025-04-17,196.9417437466575,198.569613974368,194.1653856549684,196.72203063964844,52164700,0.013853259226200324,0.932661435774361
aapl,2025-04-21,193.01688474432112,193.54618940120912,189.56140949031536,192.9070281982422,46742500,-0.019583366680856033,0.925846890217255
aapl,2025-04-22,195.8631544964882,201.32599215129423,195.71335703344477,199.4784240722656,52976400,0.03349772680674333,0.9425931837260008
aapl,2025-04-23,205.7302222309065,207.7276030292648,202.5344160012944,204.33206176757807,52929200,0.024040343783990455,0.9514815203347786
aapl,2025-04-24,204.62166872266096,208.5565112075726,202.6742255544144,208.09710693359372,47311000,0.018258406762069013,0.8600591536864998
aapl,2025-04-25,206.0997277622984,209.47530610539675,205.92995222724628,209.00592041015625,38222300,0.004357747871284824,0.7839609416709317
aapl,2025-04-28,209.72497582911663,211.2230113707532,207.1883090170199,209.8647918701172,38743100,0.004100896235723182,0.7571538061650901
aapl,2025-04-29,208.41669143858087,211.96204522644123,208.09710321217068,210.9333953857422,36827600,0.0050789468448398396,0.7042451995228733
aapl,2025-04-30,209.02590396975117,213.30029766677717,206.399343338795,212.22171020507807,52286500,0.006089109089831826,0.391551515992419
aapl,2025-05-01,208.80618155790117,214.2790004444518,208.62640936955896,213.04063415527344,57365700,0.0038513871417305973,0.3247641230465745
aapl,2025-05-02,205.82009105417703,206.71892151455648,201.89524528415055,205.08106994628903,101010600,-0.03807755408095276,0.3449290447612243
aapl,2025-05-05,202.8340251243196,203.832715518356,197.9504297070337,198.6295318603516,69018500,-0.03196392335662152,0.36175620367598393
aapl,2025-05-06,197.9504203457911,200.3872119914049,196.7619763948813,198.25001525878903,51216500,-0.001912503277108701,0.3617573132730963
aapl,2025-05-07,198.90915494694545,199.1788056079939,192.99690991055436,195.99298095703125,68536700,-0.011450090336810322,0.3211733440233585
aapl,2025-05-08,197.46106353953903,199.78801395815432,194.42503624466005,197.2313690185547,50478900,0.006298654474560001,0.31675594166750065
aapl,2025-05-09,198.739389980464,200.2773664943336,197.281295288598,198.2700042724609,36453900,0.005252258079057664,0.30397867361759234
aapl,2025-05-12,210.97000122070312,211.2700042724609,206.75,210.7899932861328,63775800,0.0612325856616553,0.3743817494744371
aapl,2025-05-13,210.42999267578125,213.3999938964844,209.0,212.92999267578125,51909300,0.01010109344017187,0.3644125290240828
aapl,2025-05-14,212.42999267578125,213.94000244140625,210.5800018310547,212.3300018310547,49325800,-0.002821761983669661,0.35816112605316586
aapl,2025-05-15,210.9499969482422,212.9600067138672,209.5399932861328,211.4499969482422,45029500,-0.004153127331358633,0.3586362169526349
aapl,2025-05-16,212.3600006103516,212.57000732421875,209.7700042724609,211.25999450683597,54737900,-0.0008989730928672502,0.35837963275385076
aapl,2025-05-19,207.91000366210935,209.47999572753903,204.25999450683597,208.77999877929688,46140500,-0.011808516259790399,0.361322474640406
aapl,2025-05-20,207.6699981689453,208.47000122070312,205.02999877929688,206.8600006103516,42496600,-0.00923882123310149,0.36156454942088584
aapl,2025-05-21,205.1699981689453,207.0399932861328,200.7100067138672,202.08999633789065,59211800,-0.023329114291235003,0.37154058938291584
aapl,2025-05-22,200.7100067138672,202.75,199.6999969482422,201.3600006103516,46742400,-0.003618770750769896,0.3370191735696717
aapl,2025-05-23,193.6699981689453,197.6999969482422,193.4600067138672,195.2700042724609,78432900,-0.03071111572604032,0.3348450407411177
aapl,2025-05-27,198.3000030517578,200.7400054931641,197.42999267578125,200.2100067138672,56288500,0.024983611085566255,0.3527303406394099
aapl,2025-05-28,200.58999633789065,202.72999572753903,199.8999938964844,200.4199981689453,45339700,0.001048306276362571,0.34834149069836384
aapl,2025-05-29,203.5800018310547,203.80999755859372,198.50999450683597,199.9499969482422,51396800,-0.002347835463872541,0.34800992635836364
aapl,2025-05-30,199.3699951171875,201.9600067138672,196.77999877929688,200.8500061035156,70819900,0.00449107116349544,0.3478436394286518
aapl,2025-06-02,200.27999877929688,202.1300048828125,200.1199951171875,201.6999969482422,35423300,0.004223038636265648,0.21494326741591985
aapl,2025-06-03,201.3500061035156,203.7700042724609,200.9600067138672,203.2700042724609,46381600,0.007753735759536577,0.21235346655129586
aapl,2025-06-04,202.91000366210935,206.2400054931641,202.1000061035156,202.82000732421875,43604000,-0.0022162432937545516,0.21239633743351655
aapl,2025-06-05,203.5,204.75,200.1499938964844,200.6300048828125,55126100,-0.010856482266256429,0.21482492987971932
aapl,2025-06-06,203.0,205.6999969482422,202.0500030517578,203.9199981689453,46607700,0.016265311059071526,0.23097883875844924
aapl,2025-06-09,204.38999938964844,206.0,200.0200042724609,201.4499969482422,72862600,-0.012186554600183343,0.23127871842444853
aapl,2025-06-10,200.6000061035156,204.3500061035156,200.57000732421875,202.6699981689453,54672600,0.0060378350081640355,0.23179895307364798
aapl,2025-06-11,203.5,204.5,198.41000366210935,198.77999877929688,60989900,-0.01938035209767723,0.22508603774145333
aapl,2025-06-12,199.0800018310547,199.67999267578125,197.3600006103516,199.1999969482422,43904600,0.0021106504315444113,0.2251950188021666
aapl,2025-06-13,199.72999572753903,200.3699951171875,195.6999969482422,196.4499969482422,51447300,-0.013901399360486715,0.19049044647612046
aapl,2025-06-16,197.3000030517578,198.69000244140625,196.55999755859372,198.4199981689453,43020700,0.00997805652363861,0.16141762128715556
aapl,2025-06-17,197.1999969482422,198.38999938964844,195.2100067138672,195.63999938964844,38856200,-0.014109754442192705,0.1708754354415609
aapl,2025-06-18,195.94000244140625,197.57000732421875,195.07000732421875,196.5800018310547,45394700,0.004793249901647917,0.17304240075309452
aapl,2025-06-20,198.2400054931641,201.6999969482422,196.8600006103516,201.0,96813500,0.022235425606040273,0.19883661329994753
aapl,2025-06-23,201.6300048828125,202.3000030517578,198.9600067138672,201.5,55814300,0.0024844733276619658,0.19826586962311052
aapl,2025-06-24,202.58999633789065,203.44000244140625,200.1999969482422,200.3000030517578,54064000,-0.0059731234790300165,0.19630828586427757
aapl,2025-06-25,201.4499969482422,203.6699981689453,200.6199951171875,201.55999755859372,39525700,0.006270833792136221,0.1986207399916051
aapl,2025-06-26,201.42999267578125,202.63999938964844,199.4600067138672,201.0,50799100,-0.0027821836407680876,0.19329921134337122
aapl,2025-06-27,201.88999938964844,203.22000122070312,200.0,201.0800018310547,73188600,0.00039793987139912456,0.17880605038649547
aapl,2025-06-30,202.00999450683597,207.38999938964844,199.25999450683597,205.1699981689453,91912800,0.020136046923066173,0.1917321590939007
aapl,2025-07-01,206.6699981689453,210.19000244140625,206.13999938964844,207.82000732421875,78788900,0.012833460814047843,0.1970757911225289
aapl,2025-07-02,208.91000366210935,213.33999633789065,208.13999938964844,212.44000244140625,67941800,0.0219872513788248,0.1889054328643446
aapl,2025-07-03,212.1499938964844,214.6499938964844,211.80999755859372,213.5500030517578,34955800,0.005211404531662551,0.18852420497040961
aapl,2025-07-07,212.67999267578125,216.22999572753903,208.8000030517578,209.9499969482422,50229000,-0.01700161898351503,0.19489083010972405
aapl,2025-07-08,210.1000061035156,211.42999267578125,208.4499969482422,210.00999450683597,42848900,0.00028572988009683404,0.19418503323548794
aapl,2025-07-09,209.52999877929688,211.3300018310547,207.22000122070312,211.13999938964844,48749400,0.005366295196147193,0.17555592619078422
aapl,2025-07-10,210.50999450683597,213.47999572753903,210.02999877929688,212.41000366210935,44443600,0.0059969688087457475,0.17554343656196514
aapl,2025-07-11,210.57000732421875,212.1300048828125,209.8600006103516,211.16000366210935,39765800,-0.005902229181318377,0.1638453917176184
aapl,2025-07-14,209.92999267578125,210.91000366210935,207.5399932861328,208.6199951171875,38840100,-0.012101765455702348,0.17681010331275698
aapl,2025-07-15,209.22000122070312,211.88999938964844,208.9199981689453,209.1100006103516,42296300,0.0023460403749842543,0.17257196900884234
aapl,2025-07-16,210.3000030517578,212.3999938964844,208.63999938964844,210.16000366210935,47490500,0.005008730585109051,0.17220151508559425
aapl,2025-07-17,210.57000732421875,211.8000030517578,209.58999633789065,210.0200042724609,48068100,-0.00066637818166213,0.17105822470245594
aapl,2025-07-18,210.8699951171875,211.7899932861328,209.6999969482422,211.17999267578125,48974600,0.005508031075055801,0.17084668152897942
aapl,2025-07-21,212.1000061035156,215.77999877929688,211.6300048828125,212.47999572753903,51377400,0.006137030484460251,0.15390744539264115
aapl,2025-07-22,213.13999938964844,214.9499969482422,212.22999572753903,214.3999938964844,46404100,0.008995554548278818,0.14971701660310344
aapl,2025-07-23,215.0,215.1499938964844,212.41000366210935,214.1499938964844,46989300,-0.0011667251685005464,0.11969391986012842
aapl,2025-07-24,213.8999938964844,215.69000244140625,213.52999877929688,213.75999450683597,46022600,-0.0018228109097863463,0.11811958876568052
aapl,2025-07-25,214.6999969482422,215.2400054931641,213.3999938964844,213.8800048828125,40268800,0.0005612682597432826,0.08877065739804796
aapl,2025-07-28,214.02999877929688,214.8500061035156,213.05999755859372,214.0500030517578,37796900,0.0007945139379612304,0.0886814261400453
