ticker,date,open,high,low,close,volume
aapl,2024-07-29,215.95008057489312,218.27918447457571,214.745706315722,217.22412109375,36311800
aapl,2024-07-30,218.16970866418467,219.30440154226625,215.11399172426283,217.78152465820312,41643800
aapl,2024-07-31,220.40921389598267,222.77814001369308,219.6029868223781,221.04623413085935,50036300
aapl,2024-08-01,223.3255700813178,223.43505864730557,216.0097928775357,217.3435516357422,62501000
aapl,2024-08-02,218.1298614428512,224.54984915998065,216.6965773298152,218.8365631103516,105568600
aapl,2024-08-05,198.16323265092015,212.5061577637865,195.08762024216463,208.2958526611328,119548600
aapl,2024-08-06,204.34434168651265,209.01251239840332,200.13403637997632,206.26535034179688,69660500
aapl,2024-08-07,205.9369016050796,212.6455332580988,205.4292810556757,208.84332275390625,63516400
aapl,2024-08-08,212.1179963940502,213.2029189157903,207.85792055043288,212.3170623779297,47161100
aapl,2024-08-09,211.1127008665185,215.77090862412464,210.9833011439981,215.23342895507807,42201600
aapl,2024-08-12,215.31315848368172,218.7410960979999,214.8448035806853,216.76803588867188,38028100
aapl,2024-08-13,218.2428558389481,221.11277276612057,218.2428558389481,220.4949493408203,44155300
aapl,2024-08-14,219.7973936824548,222.24876826808693,218.93043078284688,220.943359375,41960600
aapl,2024-08-15,223.813271274212,224.56064415441705,221.97970491871703,223.93284606933597,46414000
aapl,2024-08-16,223.1356500786779,226.0354605653956,222.86659157853387,225.25819396972656,44340200
aapl,2024-08-19,224.92933693390268,225.19839542072492,222.2587166767679,225.09873962402344,40687800
aapl,2024-08-20,224.9791850293864,226.3742750764108,224.6602986155859,225.71658325195312,30299000
aapl,2024-08-21,225.7265541171402,227.18143154067607,224.26170199000447,225.60696411132807,34765500
aapl,2024-08-22,226.9920749311584,227.54015139464096,223.11570169720304,223.74349975585935,43695300
aapl,2024-08-23,224.86956599566977,227.42059644239848,223.5442228703079,226.04542541503903,38677300
aapl,2024-08-26,225.96568932825608,226.4838721062008,223.10574735994535,226.38421630859372,30602200
aapl,2024-08-27,225.208374045966,228.0483972344343,224.1022615121284,227.23126220703125,35934600
aapl,2024-08-28,227.1216236092518,229.05483047059747,224.8894645684117,225.69664001464844,38052200
aapl,2024-08-29,229.29401907737392,232.1041333637585,228.07829123837303,228.98509216308597,51906300
aapl,2024-08-30,229.3836948285937,229.59295072736157,226.68318070354871,228.19786071777344,52990800
aapl,2024-09-03,227.74943764667492,228.1978583447122,220.39528345963856,221.98968505859372,50190600
aapl,2024-09-04,220.8835610121704,221.0031358039712,216.71819503548093,220.07640075683597,43840200
aapl,2024-09-05,220.85367082984084,224.6901757794695,220.744055533832,221.60104370117188,36615400
aapl,2024-09-06,223.16553454066076,224.4510243839852,219.00018373655976,220.0465087890625,48423000
aapl,2024-09-09,220.0465188525148,220.49493955114087,215.95091475509392,220.13619995117188,67180000
aapl,2024-09-10,218.15315521125123,220.70418549359823,215.97082401031443,219.3389892578125,51591000
aapl,2024-09-11,220.6842723421212,222.3085524071335,217.126770108234,221.88006591796875,44587100
aapl,2024-09-12,221.7206265576352,222.76695165661573,219.0500213655269,221.98968505859372,37455600
aapl,2024-09-13,222.7968302980212,223.2552104631355,221.1326819144566,221.7206115722656,36766600
aapl,2024-09-16,215.78148650258865,216.45911247240772,213.17066883128115,215.5622711181641,59357400
aapl,2024-09-17,214.9942587915762,216.1402244248995,213.7486373617293,216.03060913085935,45519300
aapl,2024-09-18,216.7879611815548,221.9298901997397,216.777986478492,219.91696166992188,59894900
aapl,2024-09-19,224.20191472936156,229.01499812075548,223.84317512238368,228.0683135986328,66781300
aapl,2024-09-20,229.1644542640561,232.27352055331795,226.82267984404157,227.4006500244141,318679900
aapl,2024-09-23,226.54365969576136,228.6462693022069,225.01902026418156,225.6767120361328,54146000
aapl,2024-09-24,227.8490778167103,228.5466380182851,224.93930782860403,226.5735626220703,43556100
aapl,2024-09-25,224.1421137055169,226.49384776666977,223.23531278607825,225.5770721435547,42308700
aapl,2024-09-26,226.5038071284677,227.69960067739044,224.62042810744603,226.72303771972656,36636700
aapl,2024-09-27,227.6597471643239,228.71603171782343,226.50380681299467,226.99208068847656,34026000
aapl,2024-09-30,229.234199611622,232.183837890625,228.84556632808733,232.183837890625,54541900
aapl,2024-10-01,228.71602079696683,228.8455550815525,222.95626872131425,225.4176177978516,63285000
aapl,2024-10-02,225.09874435066007,226.573555899704,222.2388023482828,225.98562622070312,32880600
aapl,2024-10-03,224.3513743130228,226.01552277761735,222.53775735368689,224.8795166015625,34044200
aapl,2024-10-04,227.1017072618697,227.20136306464835,223.3449237414969,226.0055694580078,37245100
aapl,2024-10-07,223.71363756752507,224.89947175407843,220.5547430398763,220.9134826660156,39505400
aapl,2024-10-08,223.5143196873273,225.1884276449642,222.4679946111341,224.9791717529297,31855700
aapl,2024-10-09,224.44106139019917,228.94523301761677,224.0424685900414,228.7359619140625,33591100
aapl,2024-10-10,226.98212047614996,228.6960967971132,226.3742566041183,228.2377014160156,28183500
aapl,2024-10-11,228.4968150773993,228.60643037956845,226.54367384020583,226.75294494628903,31759200
aapl,2024-10-14,227.89890830734765,230.91829362955485,227.79926770980504,230.48980712890625,39882100
aapl,2024-10-15,232.7917037363273,236.65811760908664,231.5560417756155,233.03086853027344,64751400
aapl,2024-10-16,230.78874694170784,231.3069145139278,229.0349022193022,230.96810913085935,34082200
aapl,2024-10-17,232.6123377292532,233.0308799404877,229.71254238803704,231.3368225097656,32993800
aapl,2024-10-18,235.3527087996536,235.3527087996536,233.1903116322836,234.1768493652344,46431500
aapl,2024-10-21,233.62876897482323,236.02037141360947,233.62876897482323,235.6516571044922,36254500
aapl,2024-10-22,233.07072804715943,235.3925683333293,231.7852533575211,235.0338287353516,38846600
aapl,2024-10-23,233.26006870913344,234.31635331873264,226.96219904424217,229.95169067382807,52287000
aapl,2024-10-24,229.17441473320773,230.0114839114603,227.60992208421712,229.76235961914065,31109500
aapl,2024-10-25,228.935262581316,232.4030684340921,228.76585988907573,230.5994110107422,38802300
aapl,2024-10-28,232.5027368410313,233.9077863541258,231.7354297301684,232.5824432373047,36087100
aapl,2024-10-29,232.2835059613629,233.50919327337172,231.5062393532264,232.85150146484372,35417200
aapl,2024-10-30,231.79520878623467,232.6521969660621,228.74592985962587,229.29400634765625,47070900
aapl,2024-10-31,228.5366609095724,229.02495000446748,224.5805658660821,225.11868286132807,64370100
aapl,2024-11-01,220.1959891516409,224.56065178607977,219.49844414747824,222.1291961669922,65276700
aapl,2024-11-04,220.21591416091667,222.0095968952219,218.94039900502227,221.2323303222656,44944500
aapl,2024-11-05,221.02308305755813,223.1655459656629,220.36539125313263,222.66729736328125,28111300
aapl,2024-11-06,221.83023455712816,225.27812143912797,220.41521040716108,221.9398498535156,54561100
aapl,2024-11-07,223.8431738287627,227.081789771112,223.7833864288354,226.6831817626953,42137700
aapl,2024-11-08,226.6233197345054,228.10973956989392,225.8651541338214,226.4138336181641,38328800
aapl,2024-11-11,224.4585504714927,225.15686291743447,220.96697301971395,223.69039916992188,42005600
aapl,2024-11-12,224.0096364149637,225.04712701721013,222.82249764582767,223.69039916992188,40398300
aapl,2024-11-13,223.4709328440985,226.10457929193407,222.2239408664857,224.5782623291016,48566200
aapl,2024-11-14,224.478510489453,228.3192366196321,224.4585543557752,227.6708068847656,44923900
aapl,2024-11-15,225.8551667084814,226.3739196007606,223.73030286311797,224.4585418701172,47923700
aapl,2024-11-18,224.7079445945764,229.18714506333228,224.62813528483125,227.4712829589844,44633700
aapl,2024-11-19,226.43377721041003,229.6061325797712,226.11455519341968,227.73065185546875,36211800
aapl,2024-11-20,227.51117324017343,229.37666823104936,225.34639715216647,228.44891357421875,35169600
aapl,2024-11-21,228.3292117939797,229.60613029336437,225.16684213362325,227.97007751464844,42108300
aapl,2024-11-22,227.51117639639196,230.16477882059493,227.51117639639196,229.3168182373047,38168300
aapl,2024-11-25,230.9030055193102,232.6886912431441,229.1871434272115,232.30960083007807,90152800
aapl,2024-11-26,232.76849125195545,235.0031061533749,232.76849125195545,234.49432373046875,45986200
aapl,2024-11-27,233.90577001446653,235.12283541072824,233.24735459247512,234.3646545410156,33498400
aapl,2024-11-29,234.24494059041533,237.2377212602243,233.4069656561656,236.7588806152344,28481400
aapl,2024-12-02,236.69901868412032,240.21053691361496,236.58928278806928,239.013427734375,48137100
aapl,2024-12-03,239.232908507596,242.1758064568113,238.32509471728144,242.06607055664065,38861000
aapl,2024-12-04,242.28553892887177,243.5225604021956,240.66944226019712,242.4252014160156,44383900
aapl,2024-12-05,243.40284992887905,243.95151419061432,241.54732536132988,242.4551239013672,40033900
aapl,2024-12-06,242.325438826628,244.0413008508573,241.49743440151173,242.25559997558597,36870600
aapl,2024-12-09,241.2480458688008,246.6450305346601,241.1682365595268,246.1562042236328,44649200
aapl,2024-12-10,246.2958646584201,247.612695417372,244.7495916510093,247.1737518310547,36914800
aapl,2024-12-11,247.36328368802745,250.196445491468,245.6673626102133,245.89682006835935,45205800
aapl,2024-12-12,246.2958641332418,248.1414182384854,245.08876927344312,247.36329650878903,32777500
aapl,2024-12-13,247.223631137632,248.69007959411312,245.647431564018,247.5328826904297,33155300
aapl,2024-12-16,247.3932192907539,250.7750606707362,247.054025929588,250.4358673095703,51694800
aapl,2024-12-17,249.4781833194368,253.21915892963327,249.1789022262073,252.8699951171875,51356400
aapl,2024-12-18,251.55318925842403,253.66808268004456,247.14382766353577,247.4530792236328,56774100
aapl,2024-12-19,246.9044059960769,251.3935770141874,246.49538898335237,249.1888885498047,60882300
aapl,2024-12-20,247.4431032675572,254.3863612366688,245.09876750312787,253.87759399414065,147495300
aapl,2024-12-23,254.15691915529425,255.03479114956255,252.8400883307868,254.6557159423828,40858800
aapl,2024-12-24,254.87518901917565,257.58862955018265,254.67565812568796,257.57867431640625,23234700
aapl,2024-12-26,257.56867823862046,259.47408555117545,257.0100282923795,258.39666748046875,27237100
aapl,2024-12-27,257.2095296020788,258.0774615569102,252.4510193654514,254.9749298095703,42355300
aapl,2024-12-30,251.62302046123372,252.8899685500744,250.14658624824915,251.5930938720703,35557500
aapl,2024-12-31,251.8325261089863,252.670501064015,248.82975968702823,249.8173828125,39480700
aapl,2025-01-02,248.3309608077005,248.5005651105234,241.23808511721737,243.26319885253903,55740700
aapl,2025-01-03,242.7743682861328,243.5923870862029,241.3079045417172,242.7743682861328,40244100
aapl,2025-01-06,243.7220736759316,246.73481040856495,242.61474424512696,244.4104156494141,45045600
aapl,2025-01-07,242.3952722906863,244.9590949760797,240.76920518354387,241.62713623046875,40856000
aapl,2025-01-08,241.33781457710973,243.12351544341067,239.4723196272597,242.11593627929688,37628900
aapl,2025-01-10,239.4324132245663,239.58206138453852,232.4392881886217,236.280029296875,61710900
aapl,2025-01-13,232.96802072299363,234.10527676213235,229.16719172961072,233.8359222412109,49630700
aapl,2025-01-14,234.1850763475817,235.55177458449063,231.9105643637605,232.71861267089844,39435300
aapl,2025-01-15,234.07533889356796,238.38495013235743,233.8658375602648,237.2975616455078,39832000
aapl,2025-01-16,236.7788301031648,237.4372302632713,227.4812511099753,227.710693359375,71759100
aapl,2025-01-17,231.5614090278119,231.73099810398452,227.93016912923343,229.4265594482422,68488300
aapl,2025-01-21,223.4609453061096,223.87993275191027,218.85206818023312,222.10421752929688,98070400
aapl,2025-01-22,219.2610651192188,223.58064673096771,219.2610651192188,223.29135131835935,64126500
aapl,2025-01-23,224.19918327232872,226.4836658384098,221.7650525382596,223.1217803955078,60234800
aapl,2025-01-24,224.2390682481495,225.08702882156652,220.877182986192,222.24388122558597,54697900
aapl,2025-01-27,223.48089669223063,231.59132137138343,223.44098442848647,229.3068389892578,94863400
aapl,2025-01-28,230.2944737209622,239.61199368769647,230.25456145519,237.68663024902344,75707600
aapl,2025-01-29,233.5566008159093,239.2827933650634,233.4468649147594,238.78399658203125,45486100
aapl,2025-01-30,238.0956370515832,240.21053038482776,236.63915907674937,237.0182342529297,55658300
aapl,2025-01-31,246.59515764263173,246.59515764263173,232.87824601959832,235.4320831298828,100959800
aapl,2025-02-03,229.43654993330725,231.27211844312276,225.15686500690927,227.4613037109375,73063300
aapl,2025-02-04,226.70312948058964,232.5689843025687,226.10456727432145,232.23977661132807,45067300
aapl,2025-02-05,227.9800473088197,232.11008389811693,227.72067847197076,231.9105682373047,39620300
aapl,2025-02-06,230.7334042435517,233.23737378273856,229.875473186273,232.6587677001953,29925300
aapl,2025-02-07,232.04025529180169,233.43688010961284,226.71309440770744,227.08221435546875,39707200
aapl,2025-02-10,229.26935130196645,230.2880044885276,226.90244480659103,227.3518524169922,33115600
aapl,2025-02-11,227.9011437031964,234.92193591818145,227.83124330015124,232.3153533935547,53718400
aapl,2025-02-12,230.89721134547665,236.64967765066984,230.377888084301,236.55978393554688,45243300
aapl,2025-02-13,236.5997394445533,242.02262084431052,235.2614980047627,241.21368408203125,53614100
aapl,2025-02-14,240.9340443537928,245.22841586050225,240.6743903515472,244.2796630859375,40896200
aapl,2025-02-18,243.83025306858283,244.85890295305825,241.52328070167576,244.14984130859372,48822500
aapl,2025-02-19,244.33958470767533,245.6878075369989,242.84154918255663,244.5493011474609,32204200
aapl,2025-02-20,244.61922281669612,246.4568094488268,243.9700649298591,245.508056640625,32316900
aapl,2025-02-21,245.6278941258364,248.364311233094,244.8988544206072,245.2284240722656,53197400
aapl,2025-02-24,244.609226181644,248.53408727873096,244.09989957647332,246.77639770507807,51326400
aapl,2025-02-25,247.67521063757025,249.67259136851837,244.58926106556868,246.71646118164065,48013300
aapl,2025-02-26,244.0100136784052,244.65915630674968,238.8168269352331,240.0452117919922,44433600
aapl,2025-02-27,239.09646458024957,242.14247324939225,236.749536120712,236.98922729492188,41153600
aapl,2025-02-28,236.6396744702452,241.77294223985544,229.8985146337964,241.5232696533203,56833400
aapl,2025-03-03,241.47333193183624,243.71040379171197,235.80077808405883,237.71826171875,47184000
aapl,2025-03-04,237.39870037793835,239.75561031847352,234.3726544629493,235.6210174560547,53798100
aapl,2025-03-05,235.11168617953675,236.2402111793479,228.9297903220316,235.4312744140625,47227600
aapl,2025-03-06,234.13297099659667,237.54849020730907,232.8546485518437,235.0218048095703,45170400
aapl,2025-03-07,234.80209169163373,241.05388787370777,234.45254396930395,238.7569122314453,46273600
aapl,2025-03-10,235.23152514577004,235.8507235430885,223.92635798057333,227.1820831298828,72071200
aapl,2025-03-11,223.51689291637277,225.54423318142804,217.16522145004404,220.55078125,76137400
aapl,2025-03-12,219.85169651198805,221.4595886104368,214.6285501658544,216.69583129882807,62547500
aapl,2025-03-13,215.6671885752157,216.55602242060417,208.1470510912824,209.4053955078125,61368300
aapl,2025-03-14,210.97334672214788,213.66980775083545,209.30553558500117,213.21041870117188,60107600
aapl,2025-03-17,213.0306430192638,214.9381453068513,209.69502079955336,213.71974182128903,48073400
aapl,2025-03-18,213.87952928252255,214.8682229774316,211.2130278733229,212.4114532470703,42432400
aapl,2025-03-19,213.9394462086688,218.47349365471305,213.470060528986,214.95811462402344,54385400
aapl,2025-03-20,213.70975404736052,217.20517028159983,211.94206785632255,213.81961059570312,48862900
aapl,2025-03-21,211.2829271905112,218.5533916912833,211.0032951126973,217.9841461181641,94127800
aapl,2025-03-24,220.71056863168135,221.1899357355996,218.29373979930332,220.44091796875,44299500
aapl,2025-03-25,220.48087718007704,223.8065179397524,219.79177838679217,223.45697021484372,34493600
aapl,2025-03-26,223.21727075576555,224.7253029108424,220.1812588497044,221.2398681640625,34466100
aapl,2025-03-27,221.1000540446544,224.69534536875565,220.271139232742,223.5568389892578,37094800
aapl,2025-03-28,221.3796909591809,223.51688772665744,217.3949109244516,217.6146240234375,39818600
aapl,2025-03-31,216.7257910285717,225.324515696878,215.9468137615173,221.83909606933597,65299300
aapl,2025-04-01,219.5221267668628,223.3870536043053,218.61331487709137,222.897705078125,36412700
aapl,2025-04-02,221.03016017035927,224.89508702876748,220.73055001137132,223.59678649902344,35905900
aapl,2025-04-03,205.27081771109025,207.2182761783418,200.9864426085102,202.9239044189453,103419000
aapl,2025-04-04,193.6360793511012,199.61824028069563,187.09465424061224,188.13330078125,125910900
aapl,2025-04-07,176.967935484531,193.89573468350997,174.39131242893686,181.2223663330078,160466300
aapl,2025-04-08,186.4554964395268,190.0907289212104,168.9884109270566,172.19419860839844,120859500
aapl,2025-04-09,171.724804500432,200.3472738997123,171.6648855169899,198.58958435058597,184395900
aapl,2025-04-10,188.82240088513316,194.52491452460524,182.76034285398336,190.17062377929688,121880000
aapl,2025-04-11,185.856281088865,199.27866665425725,185.81632494094944,197.89048767089844,87435900
aapl,2025-04-14,211.1630921847052,212.6611277249045,200.8965565016436,202.25477600097656,101352900
aapl,2025-04-15,201.59564256833872,203.24347561495443,199.538342804848,201.87527465820312,51343900
aapl,2025-04-16,198.1002191117624,200.4371508814261,192.11805840887249,194.0155792236328,59732400
aapl,2025-04-17,196.9417437466575,198.569613974368,194.1653856549684,196.72203063964844,52164700
aapl,2025-04-21,193.01688474432112,193.54618940120912,189.56140949031536,192.9070281982422,46742500
aapl,2025-04-22,195.8631544964882,201.32599215129423,195.71335703344477,199.4784240722656,52976400
aapl,2025-04-23,205.7302222309065,207.7276030292648,202.5344160012944,204.33206176757807,52929200
aapl,2025-04-24,204.62166872266096,208.5565112075726,202.6742255544144,208.09710693359372,47311000
aapl,2025-04-25,206.0997277622984,209.47530610539675,205.92995222724628,209.00592041015625,38222300
aapl,2025-04-28,209.72497582911663,211.2230113707532,207.1883090170199,209.8647918701172,38743100
aapl,2025-04-29,208.41669143858087,211.96204522644123,208.09710321217068,210.9333953857422,36827600
aapl,2025-04-30,209.02590396975117,213.30029766677717,206.399343338795,212.22171020507807,52286500
aapl,2025-05-01,208.80618155790117,214.2790004444518,208.62640936955896,213.04063415527344,57365700
aapl,2025-05-02,205.82009105417703,206.71892151455648,201.89524528415055,205.08106994628903,101010600
aapl,2025-05-05,202.8340251243196,203.832715518356,197.9504297070337,198.6295318603516,69018500
aapl,2025-05-06,197.9504203457911,200.3872119914049,196.7619763948813,198.25001525878903,51216500
aapl,2025-05-07,198.90915494694545,199.1788056079939,192.99690991055436,195.99298095703125,68536700
aapl,2025-05-08,197.46106353953903,199.78801395815432,194.42503624466005,197.2313690185547,50478900
aapl,2025-05-09,198.739389980464,200.2773664943336,197.281295288598,198.2700042724609,36453900
aapl,2025-05-12,210.97000122070312,211.2700042724609,206.75,210.7899932861328,63775800
aapl,2025-05-13,210.42999267578125,213.3999938964844,209.0,212.92999267578125,51909300
aapl,2025-05-14,212.42999267578125,213.94000244140625,210.5800018310547,212.3300018310547,49325800
aapl,2025-05-15,210.9499969482422,212.9600067138672,209.5399932861328,211.4499969482422,45029500
aapl,2025-05-16,212.3600006103516,212.57000732421875,209.7700042724609,211.25999450683597,54737900
aapl,2025-05-19,207.91000366210935,209.47999572753903,204.25999450683597,208.77999877929688,46140500
aapl,2025-05-20,207.6699981689453,208.47000122070312,205.02999877929688,206.8600006103516,42496600
aapl,2025-05-21,205.1699981689453,207.0399932861328,200.7100067138672,202.08999633789065,59211800
aapl,2025-05-22,200.7100067138672,202.75,199.6999969482422,201.3600006103516,46742400
aapl,2025-05-23,193.6699981689453,197.6999969482422,193.4600067138672,195.2700042724609,78432900
aapl,2025-05-27,198.3000030517578,200.7400054931641,197.42999267578125,200.2100067138672,56288500
aapl,2025-05-28,200.58999633789065,202.72999572753903,199.8999938964844,200.4199981689453,45339700
aapl,2025-05-29,203.5800018310547,203.80999755859372,198.50999450683597,199.9499969482422,51396800
aapl,2025-05-30,199.3699951171875,201.9600067138672,196.77999877929688,200.8500061035156,70819900
aapl,2025-06-02,200.27999877929688,202.1300048828125,200.1199951171875,201.6999969482422,35423300
aapl,2025-06-03,201.3500061035156,203.7700042724609,200.9600067138672,203.2700042724609,46381600
aapl,2025-06-04,202.91000366210935,206.2400054931641,202.1000061035156,202.82000732421875,43604000
aapl,2025-06-05,203.5,204.75,200.1499938964844,200.6300048828125,55126100
aapl,2025-06-06,203.0,205.6999969482422,202.0500030517578,203.9199981689453,46607700
aapl,2025-06-09,204.38999938964844,206.0,200.0200042724609,201.4499969482422,72862600
aapl,2025-06-10,200.6000061035156,204.3500061035156,200.57000732421875,202.6699981689453,54672600
aapl,2025-06-11,203.5,204.5,198.41000366210935,198.77999877929688,60989900
aapl,2025-06-12,199.0800018310547,199.67999267578125,197.3600006103516,199.1999969482422,43904600
aapl,2025-06-13,199.72999572753903,200.3699951171875,195.6999969482422,196.4499969482422,51447300
aapl,2025-06-16,197.3000030517578,198.69000244140625,196.55999755859372,198.4199981689453,43020700
aapl,2025-06-17,197.1999969482422,198.38999938964844,195.2100067138672,195.63999938964844,38856200
aapl,2025-06-18,195.94000244140625,197.57000732421875,195.07000732421875,196.5800018310547,45394700
aapl,2025-06-20,198.2400054931641,201.6999969482422,196.8600006103516,201.0,96813500
aapl,2025-06-23,201.6300048828125,202.3000030517578,198.9600067138672,201.5,55814300
aapl,2025-06-24,202.58999633789065,203.44000244140625,200.1999969482422,200.3000030517578,54064000
aapl,2025-06-25,201.4499969482422,203.6699981689453,200.6199951171875,201.55999755859372,39525700
aapl,2025-06-26,201.42999267578125,202.63999938964844,199.4600067138672,201.0,50799100
aapl,2025-06-27,201.88999938964844,203.22000122070312,200.0,201.0800018310547,73188600
aapl,2025-06-30,202.00999450683597,207.38999938964844,199.25999450683597,205.1699981689453,91912800
aapl,2025-07-01,206.6699981689453,210.19000244140625,206.13999938964844,207.82000732421875,78788900
aapl,2025-07-02,208.91000366210935,213.33999633789065,208.13999938964844,212.44000244140625,67941800
aapl,2025-07-03,212.1499938964844,214.6499938964844,211.80999755859372,213.5500030517578,34955800
aapl,2025-07-07,212.67999267578125,216.22999572753903,208.8000030517578,209.9499969482422,50229000
aapl,2025-07-08,210.1000061035156,211.42999267578125,208.4499969482422,210.00999450683597,42848900
aapl,2025-07-09,209.52999877929688,211.3300018310547,207.22000122070312,211.13999938964844,48749400
aapl,2025-07-10,210.50999450683597,213.47999572753903,210.02999877929688,212.41000366210935,44443600
aapl,2025-07-11,210.57000732421875,212.1300048828125,209.8600006103516,211.16000366210935,39765800
aapl,2025-07-14,209.92999267578125,210.91000366210935,207.5399932861328,208.6199951171875,38840100
aapl,2025-07-15,209.22000122070312,211.88999938964844,208.9199981689453,209.1100006103516,42296300
aapl,2025-07-16,210.3000030517578,212.3999938964844,208.63999938964844,210.16000366210935,47490500
aapl,2025-07-17,210.57000732421875,211.8000030517578,209.58999633789065,210.0200042724609,48068100
aapl,2025-07-18,210.8699951171875,211.7899932861328,209.6999969482422,211.17999267578125,48974600
aapl,2025-07-21,212.1000061035156,215.77999877929688,211.6300048828125,212.47999572753903,51377400
aapl,2025-07-22,213.13999938964844,214.9499969482422,212.22999572753903,214.3999938964844,46404100
aapl,2025-07-23,215.0,215.1499938964844,212.41000366210935,214.1499938964844,46989300
aapl,2025-07-24,213.8999938964844,215.69000244140625,213.52999877929688,213.75999450683597,46022600
aapl,2025-07-25,214.6999969482422,215.2400054931641,213.3999938964844,213.8800048828125,40268800
aapl,2025-07-28,214.02999877929688,214.8500061035156,213.05999755859372,214.0500030517578,37796900
googl,2024-07-29,168.01611559502874,169.608393293323,167.18016866453198,168.71273803710938,20293800
googl,2024-07-30,169.41932361948145,170.40454137374448,167.62799790459795,169.4690704345703,18959700
googl,2024-07-31,172.40484468943953,173.40997018336077,169.1904050404806,170.71302795410156,25729100
googl,2024-08-01,169.42927737353662,173.21096178514637,168.06588657934952,169.9368133544922,24531400
googl,2024-08-02,165.6376419849292,167.69765520059823,163.8761704054218,165.85658264160156,29130100
googl,2024-08-05,154.75037751729295,163.6373211687644,154.18311804069828,158.4822998046875,53630700
googl,2024-08-06,158.5619114256832,159.79593916003876,155.65598984339135,157.52691650390625,49004600
googl,2024-08-07,160.47264384005365,162.19429958101605,157.70604691611013,158.1737823486328,25138600
googl,2024-08-08,159.73620945801972,162.9008872407048,159.43766784333874,161.24888610839844,25578800
googl,2024-08-09,159.23862184827473,163.000398092681,158.29320462440444,162.8809814453125,28602300
googl,2024-08-12,163.55771134919158,164.10504777357423,161.05980178129553,161.50762939453125,15895300
googl,2024-08-13,162.6222374229294,163.9358660763168,162.1843561433904,163.36862182617188,18551700
googl,2024-08-14,161.61710599661225,162.43316027996852,156.94972801568116,159.59689331054688,40591100
googl,2024-08-15,159.72628391166478,160.86078775073088,158.84057490735202,160.52243041992188,31524300
googl,2024-08-16,160.69158549485795,164.2642751529689,160.35322821372176,162.17440795898438,24208600
googl,2024-08-19,164.48323275862353,165.88643920984657,163.4681456252674,165.8665313720703,22416200
googl,2024-08-20,166.09542022279516,167.82703768322662,166.01581924125838,166.3740692138672,18341500
googl,2024-08-21,164.35385368177072,166.04567062308269,163.87617187439943,165.0504913330078,22902000
googl,2024-08-22,166.45367234576213,166.78208331350032,162.52271742896883,163.01036071777344,22493300
googl,2024-08-23,163.92593892372628,165.37889222824714,163.04022993569524,164.82159423828125,13955700
googl,2024-08-26,165.57791890865434,166.74227674166048,163.66717668126768,165.35897827148438,14190400
googl,2024-08-27,165.0405199503333,165.63763356275666,163.66718293812755,163.8861083984375,11821900
googl,2024-08-28,164.24437113378522,164.80168425036075,160.75129755216656,162.06494140625,16407400
googl,2024-08-29,163.5179092393471,165.16991053075353,159.47748368909194,161.00010681152344,19699800
googl,2024-08-30,161.83604601344155,162.8710409450861,160.91053659277384,162.59239196777344,22123800
googl,2024-09-03,160.94039211947089,161.06977028333037,155.7256472987168,156.60140991210938,38945300
googl,2024-09-04,155.9047798396124,158.23349556383252,155.2081574244905,155.69578552246094,19353800
googl,2024-09-05,155.54653884857106,158.6813477956318,155.22807416068534,156.4820098876953,18688700
googl,2024-09-06,156.5416920369977,157.06913580100942,149.82423240095395,150.19244384765625,37912100
googl,2024-09-09,151.97618615473306,152.86307041013015,146.70470865576445,148.1894989013672,39260500
googl,2024-09-10,149.9233916452607,150.74052877862417,147.8207764621823,148.13966369628906,31118800
googl,2024-09-11,149.39525512685503,150.96972670859367,147.00366157798018,150.63092041015625,29607700
googl,2024-09-12,153.26167533883327,154.27810941261885,152.11569142274135,154.1485595703125,29621500
googl,2024-09-13,154.88595074662993,157.8256372095464,154.66673478788607,156.9088592529297,29591200
googl,2024-09-16,156.75938477605305,157.69609704284937,156.05187841649794,157.5067596435547,18379800
googl,2024-09-17,158.46340663018495,159.98805014794013,157.82564734959053,158.76235961914062,20715600
googl,2024-09-18,159.3004536398648,159.9382128836467,158.04486940518223,159.25062561035156,23677300
googl,2024-09-19,163.13699125474798,163.21669785914025,160.7752763557002,161.57247924804688,26587700
googl,2024-09-20,162.9277289392049,163.15691965207134,161.49276669183348,163.0174102783203,40896400
googl,2024-09-23,163.77474245440862,164.91075157825534,161.10411517750074,161.2834930419922,24150900
googl,2024-09-24,162.4593543820054,162.64869176894638,160.1275485968345,161.72193908691406,23332100
googl,2024-09-25,160.90482465753527,162.24013074634445,160.73542151540698,160.9247589111328,18869200
googl,2024-09-26,163.067218814265,163.5056811380197,161.71197854328662,162.160400390625,20319300
googl,2024-09-27,162.24013520895764,165.1200191151141,162.06077253778713,163.3761444091797,21101300
googl,2024-09-30,162.74835741182983,165.56843851321895,162.6885546502899,165.26950073242188,20413900
googl,2024-10-01,167.10306444107255,168.567920455953,164.0039492592659,166.405517578125,28338100
googl,2024-10-02,165.83750220141695,166.93365811188724,164.1534150323221,165.2794647216797,17760200
googl,2024-10-03,163.83454298906406,166.05673338351102,163.3462525916035,165.2794647216797,15073100
googl,2024-10-04,167.47175002072987,167.64115315810446,164.90077877248402,166.47525024414062,19047400
googl,2024-10-07,167.13296079524372,167.8902952287706,162.18035518394854,162.4095458984375,22463100
googl,2024-10-08,163.3661793794842,164.15340752983812,162.29991729663377,163.8046417236328,23072700
googl,2024-10-09,162.87788805212205,164.263022155559,159.18088233675397,161.29345703125,31181800
googl,2024-10-10,160.30692382005753,162.4992356244984,159.83856768050703,161.5126953125,14144100
googl,2024-10-11,161.5625095457594,163.32630315770646,160.67562537530787,162.6686248779297,15344300
googl,2024-10-14,163.0672270976598,165.64815793723565,162.82806167108657,164.3826141357422,19016100
googl,2024-10-15,165.20970620906303,167.0930903489021,164.05377791978614,164.88087463378906,20247200
googl,2024-10-16,163.95409424486536,165.21965311998426,163.16686617309486,164.58189392089844,16406000
googl,2024-10-17,165.1499132702941,165.7876725559894,162.19030754618507,162.35971069335938,21453400
googl,2024-10-18,162.61881648917324,164.13350055160433,162.5092008950753,162.84800720214844,19757700
googl,2024-10-21,162.37965259131107,163.9242304481603,162.05080580588782,163.49574279785156,20946500
googl,2024-10-22,162.4095379206084,165.18978095934807,162.4095379206084,164.56198120117188,16568100
googl,2024-10-23,164.1833163789022,165.23961903467116,161.36321986596107,162.2102508544922,18280500
googl,2024-10-24,162.26005197928703,162.75830184158096,160.44641518195513,162.1504364013672,22412500
googl,2024-10-25,163.09712253766725,165.01040035361328,162.84799758446522,164.6915283203125,19828900
googl,2024-10-28,168.1593374233331,168.1593374233331,163.37613545110457,166.13644409179688,32138600
googl,2024-10-29,167.1429183888465,169.7836521589055,166.5051590823556,169.08609008789062,42169000
googl,2024-10-30,180.04756432112097,181.38288551840023,173.45074095946555,173.84934997558594,68890800
googl,2024-10-31,172.52402713190767,176.20111408023234,170.40147754587736,170.51109313964844,44769000
googl,2024-11-01,169.47472917286686,171.71685373461872,168.28889197179058,170.69044494628906,31796500
googl,2024-11-04,169.33521618307327,170.13241912284502,167.42193825084985,168.64764404296875,21492700
googl,2024-11-05,168.83694632662065,169.93310214015253,168.2490151199897,169.1458740234375,18242100
googl,2024-11-06,173.19167534337777,176.32068423475533,172.8927223501112,175.89218139648438,33695500
googl,2024-11-07,176.78903438230748,180.44618684879632,176.56980320837033,180.11734008789062,25352900
googl,2024-11-08,180.01769126784052,180.2668162295759,177.4566945679988,177.7257537841797,22006200
googl,2024-11-11,177.9549259385063,179.91803164874506,177.84531035855562,179.71873474121094,17450400
googl,2024-11-12,179.19061113228446,181.8512639191168,178.76210828805725,180.9842987060547,25134900
googl,2024-11-13,179.82836251665194,180.32661242196693,177.91506949950764,178.25389099121094,23184000
googl,2024-11-14,177.65600078794756,178.19411924845363,173.7098697026846,174.9654541015625,31007500
googl,2024-11-15,173.1219110429033,173.5304796221041,170.6207019459313,171.88626098632812,32504600
googl,2024-11-18,172.81300724593382,174.8259412596543,172.2948230511839,174.68643188476562,20135300
googl,2024-11-19,173.11194329745103,178.2439110911755,172.95249968308408,177.4965362548828,23434900
googl,2024-11-20,176.71928463110325,177.05809094017042,173.17174749997304,175.36404418945312,18997100
googl,2024-11-21,173.29130117812963,173.5205070694754,163.12700672607806,167.0432586669922,59734400
googl,2024-11-22,165.26950018604143,165.87736568062007,163.32631338500155,164.1833038330078,38604600
googl,2024-11-25,165.50866449547075,168.03978275271885,165.03034880168926,167.06320190429688,33135300
googl,2024-11-26,167.0432706454683,169.2256076965816,166.9934426131079,168.52804565429688,20486700
googl,2024-11-27,168.40847408769383,168.88678975659008,167.4319084954612,168.63766479492188,19266500
googl,2024-11-29,167.9102206974572,168.8369582371453,166.57491457977767,168.358642578125,14257200
googl,2024-12-02,168.1792745912948,171.4776864785432,167.97997767345183,170.88975524902344,23789100
googl,2024-12-03,170.8897642516595,172.07558629717838,170.25200495773618,170.7402801513672,22248700
googl,2024-12-04,170.55092836009592,174.2977772005243,170.46124703071453,173.75965881347656,31615100
googl,2024-12-05,174.7462169331928,175.4437637976109,171.7268235586979,172.03573608398438,21356200
googl,2024-12-06,171.4278679786075,174.4671955621755,171.2584648287537,174.09849548339844,21462400
googl,2024-12-09,173.5497879362236,175.84435207924628,173.2405061666339,174.95645141601562,25389600
googl,2024-12-10,182.41883132056967,185.9205489826197,180.6230728184386,184.7333526611328,54813000
googl,2024-12-11,184.87302096699213,195.1487357435012,184.41411421053172,194.9392242431641,67894100
googl,2024-12-12,194.5401640550286,194.7197322841321,191.25792901080183,191.50733947753903,34817500
googl,2024-12-13,190.55957180826204,192.27551707580216,189.19280729112407,189.3723907470703,25143500
googl,2024-12-16,192.41518724155435,198.53073692361528,192.16577676803223,196.19625854492188,44934900
googl,2024-12-17,196.7848538831557,200.94501854915788,194.52020263311584,194.95916748046875,43504000
googl,2024-12-18,194.7596437377537,196.53544501806192,187.2972869405705,187.95571899414065,34166100
googl,2024-12-19,191.17811313755365,192.5748056424547,187.93577711571297,188.06546020507807,32265200
googl,2024-12-20,185.3419048401402,192.43513912367908,184.78322783024907,190.9586334228516,63462900
googl,2024-12-23,192.1657810311896,194.63994394383909,189.70160428029916,194.17105102539065,25675000
googl,2024-12-24,194.3805430221512,195.6475524902344,193.32304504989557,195.6475524902344,10403300
googl,2024-12-26,194.68981239058056,196.2860455335981,193.9216390813152,195.1387634277344,12046600
googl,2024-12-27,194.49028867331808,194.8594265341148,190.20042538568455,192.30545043945312,18891400
googl,2024-12-30,189.35242528948783,192.09594036416405,188.67402091879944,190.78903198242188,14264700
googl,2024-12-31,190.6294238733089,191.50735365250455,188.06547677852515,188.85362243652344,17466900
googl,2025-01-02,190.20041592197336,191.5472385320244,187.05785012893008,188.98329162597656,20370800
googl,2025-01-03,190.918730255479,192.75440296623145,189.53200858908056,191.33773803710935,18596200
googl,2025-01-06,193.52257715244397,197.75258441221385,193.39289405316484,196.40576171875,29563600
googl,2025-01-07,196.6451972376325,200.52602365365917,194.1411215269442,195.02902221679688,26487200
googl,2025-01-08,192.1159097803505,195.82712367795403,191.9263553819348,193.49264526367188,24864800
googl,2025-01-10,193.84182337112213,196.05658959730988,189.86122672723172,191.58714294433597,26665200
googl,2025-01-13,189.62179973101152,190.72916760562472,186.9181835340065,190.5595703125,21823700
googl,2025-01-14,190.78902921540663,191.5272744276529,187.86593073510412,189.21275329589844,17174900
googl,2025-01-15,192.63466153374213,195.8969546519061,191.40756631826648,195.0888671875,21776000
googl,2025-01-16,193.68218859975207,195.01902502838223,192.3553231094348,192.45509338378903,17815400
googl,2025-01-17,196.06654496539184,196.76489119233247,193.2931019335377,195.5377960205078,27735100
googl,2025-01-21,198.60057627447708,201.8129691217348,197.40339384073823,197.58297729492188,29971300
googl,2025-01-22,198.590597036243,200.00724672789292,197.0642061251015,197.9022216796875,26200600
googl,2025-01-23,197.6727641738203,199.82767431730463,194.73969457121223,197.5131378173828,26951400
googl,2025-01-24,197.63285957708695,200.42624462128623,197.5330893014484,199.7378845214844,23877500
googl,2025-01-27,191.9562724749805,196.41573277306145,190.2802262470784,191.3576812744141,41728900
googl,2025-01-28,192.2954724407757,195.01903051179215,190.23034644146827,194.83946228027344,24157900
googl,2025-01-29,195.09884368413952,196.32593893457488,192.97386160771163,194.9492034912109,18218300
googl,2025-01-30,197.53308924739613,200.9250654988853,197.203865605247,200.3963165283203,24354700
googl,2025-01-31,201.523668960122,204.99545859863295,201.3241436195745,203.53890991210935,32001100
googl,2025-02-03,200.2167427524067,203.26952433872827,199.62813772190552,200.7554626464844,27838300
googl,2025-02-04,202.9103862906213,206.5617593135444,202.33175215943615,205.89334106445312,43856400
googl,2025-02-05,190.619448537642,192.29547965256887,187.58660858281107,190.8788299560547,70373900
googl,2025-02-06,189.0531392886888,191.64701430736628,188.274979827647,191.148193359375,29297400
googl,2025-02-07,190.59948056645624,190.7291636568626,182.807900068601,184.90293884277344,49315000
googl,2025-02-10,186.90821845084508,187.7562049430344,185.4217265205732,186.03028869628903,23105600
googl,2025-02-11,184.59368617808016,186.49918592908517,183.8454547261701,184.8830108642578,21239500
googl,2025-02-12,182.7879527330869,184.6734953419666,181.40123108129507,183.17703247070312,22072600
googl,2025-02-13,183.8853646978078,185.84073432237412,182.70813932469304,185.70106506347656,21402500
googl,2025-02-14,184.62360034222,185.96043678235037,183.88535510775145,184.79319763183597,20448400
googl,2025-02-18,185.1623257405275,185.52147740048773,181.3114277509341,183.33663940429688,29916700
googl,2025-02-19,183.63594741741645,185.02266901610756,183.1570683565281,184.83311462402344,19549400
googl,2025-02-20,184.36422591283684,184.8730178009315,182.2891289369332,184.12478637695312,20441500
googl,2025-02-21,184.713387549238,184.90294194163184,178.65770926804197,179.23634338378906,35199200
googl,2025-02-24,181.5608451656265,182.6881701009169,178.4681493516575,178.82730102539062,29854200
googl,2025-02-25,177.620149186563,178.3185106633885,174.27805810561316,175.00633239746094,41913400
googl,2025-02-26,174.6571711800562,175.66478399830825,171.1753955398117,172.3226776123047,35431300
googl,2025-02-27,173.5797206760448,174.14836864650957,167.54398410119538,168.1026611328125,39991000
googl,2025-02-28,168.28221547961908,170.2076721148171,166.37673116608275,169.87844848632812,48130600
googl,2025-03-03,171.52456139173032,172.96116813684316,165.53871010229818,166.6161651611328,40770500
googl,2025-03-04,165.84799570787212,172.88135895735127,165.40903083418053,170.51695251464844,45388000
googl,2025-03-05,170.11789485258495,173.370201847885,168.66133103361582,172.61199951171875,30954900
googl,2025-03-06,170.1278575868108,174.39776333951255,170.09792955016897,171.94357299804688,28302000
googl,2025-03-07,170.8561523451318,174.55741062282402,169.86849657186352,173.4500274658203,27385800
googl,2025-03-10,168.05654311824674,168.25631348073628,163.49207685373173,165.66943359375,43604000
googl,2025-03-11,164.71060268982163,166.5483741956788,161.17487454711969,163.84164428710938,39587400
googl,2025-03-12,166.37858578107983,167.43730167009207,163.33227056435828,166.90794372558594,28372400
googl,2025-03-13,165.8392348472833,165.92913761122173,161.91399391340872,162.56320190429688,31756200
googl,2025-03-14,163.07258484755664,166.28869257421587,162.25356904272374,165.28990173339844,31995900
googl,2025-03-17,164.83044981365524,166.0989184378049,163.47209367229158,164.09133911132812,31184300
googl,2025-03-18,163.48207822407835,164.05139632119491,156.5305024761992,160.47572326660156,42074800
googl,2025-03-19,161.56440408660148,165.6694351323274,160.8053285192439,163.69183349609375,34275600
googl,2025-03-20,161.37464096618422,164.6906185813501,160.76537795311089,162.6031494140625,28138500
googl,2025-03-21,161.01508017617863,164.04141524263727,160.69545978774022,163.79171752929688,36625800
googl,2025-03-24,166.86800133324036,168.11648994593173,164.94032699026835,167.4772491455078,30879100
googl,2025-03-25,168.775668441695,170.42368243836484,168.1164780833655,170.353759765625,24174400
googl,2025-03-26,168.79565092149923,169.40491393976436,164.64067739498103,164.86041259765625,28901600
googl,2025-03-27,164.43094810403895,165.21998619662182,161.8041232023028,162.04383850097656,24508300
googl,2025-03-28,160.29595772818402,161.62435145983125,153.44425151462127,154.14340209960938,48669300
googl,2025-03-31,152.9248693898488,155.3519238675497,150.47783482762614,154.45301818847656,54603500
googl,2025-04-01,153.43424066067087,157.9088345005831,153.43424066067087,156.8800811767578,30672900
googl,2025-04-02,154.9623987635517,158.21846678254826,154.51294591611935,156.85011291503906,25041700
googl,2025-04-03,150.92729334389097,152.59527231622977,150.20816267744866,150.5377655029297,46883400
googl,2025-04-04,147.83102450056057,150.8873372265073,145.20421499461688,145.4239501953125,62259500
googl,2025-04-07,141.37884623013926,152.66518575265,140.3600753076292,146.5725555419922,76794100
googl,2025-04-08,151.0371605852081,152.0559315669147,142.85706070456766,144.52503967285156,52200200
googl,2025-04-09,144.24536764564118,159.3570775505851,143.73598981661124,158.51809692382812,70406200
googl,2025-04-10,156.35071129003578,157.5292924054746,149.74870323215254,152.63522338867188,48022000
googl,2025-04-11,152.71511816628092,157.47935489094493,152.63522830805417,156.9499969482422,33636200
googl,2025-04-14,159.80653847762434,161.52445998548595,157.3694863273863,158.87767028808594,30333000
googl,2025-04-15,158.93759983361085,159.4569601254283,155.02234135810752,156.12100219726562,27551500
googl,2025-04-16,152.91488990871326,155.70150975970526,151.326800825977,153.1446075439453,28187400
googl,2025-04-17,154.10343899442373,154.49296683009544,148.32044647401452,150.97723388671875,33046600
googl,2025-04-21,148.69998342759925,148.76989086061988,145.9233461435289,147.49143981933594,26049100
googl,2025-04-22,148.70996777577147,152.0059806006662,148.360384885124,151.28684997558594,26971800
googl,2025-04-23,155.42185055428513,157.3395272287139,153.62402390940207,155.16217041015625,31128800
googl,2025-04-24,155.96118216578617,159.39702506290834,155.60161685700967,159.08740234375,45894000
googl,2025-04-25,164.8704156189098,165.89916899199292,160.84527440652565,161.76417541503906,56034000
googl,2025-04-28,162.2335934576757,162.9527241022343,158.40823784275827,160.41580200195312,29745800
googl,2025-04-29,160.12616457196697,160.54565492156792,157.32954700095436,159.9663543701172,26809000
googl,2025-04-30,157.78897065630795,159.07741935833295,155.2120884925965,158.6079864501953,34981100
googl,2025-05-01,160.255986901565,161.7541731584952,158.7178557168657,161.10496520996094,30203200
googl,2025-05-02,163.21241957712974,164.77053089446972,161.6742731041275,163.8316650390625,25715000
googl,2025-05-05,162.80291566353057,165.19002528971967,162.52325543253818,164.01145935058594,21341800
googl,2025-05-06,161.97390744721895,164.60073221310822,160.99509669884785,163.03262329101562,21277200
googl,2025-05-07,163.88160091924024,164.8004866523399,147.6612323828153,151.19696044921875,127490100
googl,2025-05-08,154.81259075606965,155.74145898524296,152.715123752916,154.0934600830078,57498700
googl,2025-05-09,153.98358884442797,154.86252969975314,152.01596958260927,152.5653076171875,32435300
googl,2025-05-12,157.2995737723926,158.90762762310243,156.06106765297667,158.26840209960938,44138800
googl,2025-05-13,158.59798647987657,160.37584814800852,155.97117700529293,159.33709716796875,42382100
googl,2025-05-14,159.7665968345665,166.7980779664445,159.4170139283214,165.1700439453125,48755900
googl,2025-05-15,165.63946564247587,166.00902860866202,162.1736602838883,163.76174926757812,33146700
googl,2025-05-16,167.52719070383273,169.14524229932235,165.4197413290067,165.9890594482422,42846900
googl,2025-05-19,164.311078821177,166.43850822896752,164.02143617765117,166.338623046875,30426100
googl,2025-05-20,166.22875761227516,168.2962620339302,162.7030270512069,163.78172302246094,46607700
googl,2025-05-21,163.49207927319333,172.93064990762463,163.36223158372133,168.35618591308594,73416000
googl,2025-05-22,171.6422171391164,176.55626639163424,170.50359615670786,170.66339111328125,74864400
googl,2025-05-23,168.85557933287677,169.7545002456487,167.68699586257836,168.26629638671875,35211400
googl,2025-05-27,169.9542560308247,172.9606110264557,169.79444583588602,172.69093322753906,37995700
googl,2025-05-28,172.95063181853965,175.0580811773991,171.70214322301487,172.15159606933594,34784000
googl,2025-05-29,173.78960291012612,174.20909322624098,170.42368271917738,171.65219116210938,29317300
googl,2025-05-30,171.14282080509608,172.0017815585655,167.23754486546525,171.5323486328125,52639900
googl,2025-06-02,167.637058963566,169.66460324672883,167.18760611208933,168.82562255859375,38612300
googl,2025-06-03,167.28749382619188,168.276287066322,165.08015922486254,165.97906494140625,45084900
googl,2025-06-04,166.53838821108508,168.01659436979696,166.15884281939125,167.8468017578125,26900800
googl,2025-06-05,170.1340365467451,170.72331951416996,167.3873615992156,168.00662231445312,36379100
googl,2025-06-06,170.6234412090639,174.2890017669552,170.6234412090639,173.46998596191406,35731800
googl,2025-06-09,174.5399932861328,176.47000122070312,174.3699951171875,176.08999633789062,28935900
googl,2025-06-10,176.1999969482422,181.1100006103516,174.91000366210938,178.60000610351562,61766100
googl,2025-06-11,179.77000427246094,180.3699951171875,176.75,177.35000610351562,31646800
googl,2025-06-12,176.17999267578125,176.72000122070312,174.75,175.6999969482422,20941900
googl,2025-06-13,172.44000244140625,177.1300048828125,172.38999938964844,174.6699981689453,27663100
googl,2025-06-16,174.72999572753906,176.94000244140625,174.64999389648438,176.77000427246094,27389200
googl,2025-06-17,175.6999969482422,177.36000061035156,174.5800018310547,175.9499969482422,24973000
googl,2025-06-18,176.00999450683594,176.55999755859375,173.1999969482422,173.32000732421875,28707500
googl,2025-06-20,173.9499969482422,174.33999633789062,165.4600067138672,166.63999938964844,75659900
googl,2025-06-23,166.27000427246094,167.33999633789062,162.0,165.19000244140625,57671000
googl,2025-06-24,166.9199981689453,168.22000122070312,166.1300048828125,166.77000427246094,40524300
googl,2025-06-25,167.6300048828125,172.36000061035156,167.5500030517578,170.67999267578125,35479000
googl,2025-06-26,172.42999267578125,173.69000244140625,169.94000244140625,173.5399932861328,31796700
googl,2025-06-27,173.5399932861328,178.67999267578125,171.72999572753906,178.52999877929688,108140200
googl,2025-06-30,180.77999877929688,181.22999572753903,174.5800018310547,176.22999572753906,63378900
googl,2025-07-01,175.74000549316406,176.08999633789062,173.52999877929688,175.83999633789062,35904500
googl,2025-07-02,175.5399932861328,178.86000061035156,175.07000732421875,178.63999938964844,29128900
googl,2025-07-03,178.5,179.6699981689453,177.0500030517578,179.52999877929688,21689700
googl,2025-07-07,179.05999755859375,179.3000030517578,175.67999267578125,176.7899932861328,34175600
googl,2025-07-08,177.85000610351562,177.9499969482422,172.80999755859375,174.36000061035156,40442500
googl,2025-07-09,175.25,179.44000244140625,172.77000427246094,176.6199951171875,43025600
googl,2025-07-10,175.6300048828125,178.42999267578125,174.3800048828125,177.6199951171875,29252400
googl,2025-07-11,176.7899932861328,181.42999267578125,176.47999572753906,180.19000244140625,34282900
googl,2025-07-14,181.00999450683597,183.6699981689453,179.67999267578125,181.55999755859372,32536600
googl,2025-07-15,182.80999755859372,184.22000122070312,181.6000061035156,182.0,33448300
googl,2025-07-16,183.2400054931641,184.3300018310547,182.02999877929688,182.97000122070312,33104200
googl,2025-07-17,182.13999938964844,184.05999755859372,180.47999572753903,183.5800018310547,31992600
googl,2025-07-18,185.3999938964844,186.4199981689453,183.7100067138672,185.05999755859372,34014500
googl,2025-07-21,186.25,190.2899932861328,186.1499938964844,190.1000061035156,45803100
googl,2025-07-22,191.5,191.6499938964844,187.4600067138672,191.33999633789065,44660200
googl,2025-07-23,191.5,192.52999877929688,189.17999267578125,190.22999572753903,58681900
googl,2025-07-24,197.02999877929688,197.9499969482422,191.0,192.1699981689453,74881700
googl,2025-07-25,191.97999572753903,194.3300018310547,191.25999450683597,193.17999267578125,39785900
googl,2025-07-28,193.6499938964844,194.0500030517578,190.83999633789065,192.5800018310547,38084900
msft,2024-07-29,428.296258782834,428.86192913835873,421.4686315229256,423.4831848144531,15125800
msft,2024-07-30,424.4656455012434,425.7855127211385,414.18445497765873,419.7021789550781,32687600
msft,2024-07-31,417.3005665174137,418.5708262456948,409.0736336702553,415.16693115234375,42891400
msft,2024-08-01,417.5883635069554,424.2075968335808,409.946938018654,413.9363403320313,30296400
msft,2024-08-02,409.35152365396425,411.84243578824686,401.2635397070065,405.3819580078125,29437900
msft,2024-08-05,386.2089818321841,397.9886631292716,382.6462699870737,392.1434631347656,40709200
msft,2024-08-06,396.9565662320286,402.5834388839359,395.4679791086585,396.5695190429688,24946500
msft,2024-08-07,405.5308678419717,406.9598837068045,394.4458417143844,395.3985290527344,20650900
msft,2024-08-08,399.3780007807365,402.7719624373224,396.8970222599762,399.6260986328125,20203000
msft,2024-08-09,400.9559063701233,404.9453089972664,399.1993844500031,402.9307556152344,19276700
msft,2024-08-12,403.9627889802462,405.64986625772775,401.1642383231722,403.7146911621094,16762900
msft,2024-08-13,406.47360190831984,411.7928357179709,406.4537649824709,410.8599853515625,19414300
msft,2024-08-14,411.64393908583247,414.5417352887004,409.3118435327495,413.6882629394531,18267000
msft,2024-08-15,417.35676799168647,418.6591414148161,415.22923848625584,418.5796203613281,20752100
msft,2024-08-16,418.1521543568632,418.8878379189571,414.8713418367781,416.0345458984375,22775600
msft,2024-08-19,416.52167114516885,419.2954420190991,414.0362209850082,419.0767211914063,15234000
msft,2024-08-20,419.2457333961214,423.3814956474892,419.1860850211476,422.3276672363281,16387600
msft,2024-08-21,421.6118911043651,423.9183962597862,419.2656405890008,421.6715698242188,16067300
msft,2024-08-22,421.8902550651885,424.3061357802644,412.1969990352219,413.1315307617188,19361900
msft,2024-08-23,414.5532154876874,416.8199448280934,409.69166039420327,414.36431884765625,18493800
msft,2024-08-26,413.9467394707482,414.8514469502836,408.9460150702165,411.08349609375,13152800
msft,2024-08-27,410.4571501735566,411.9484202096587,407.8623548739229,411.4314575195313,13492900
msft,2024-08-28,412.4654473068727,412.58474406521935,404.939496621488,408.2103576660156,14882700
msft,2024-08-29,412.52505209065583,419.5936573354136,408.2103145266043,410.7156372070313,17045200
msft,2024-08-30,413.1812345025268,415.0602190186727,409.7314285183125,414.7122802734375,24308300
msft,2024-09-03,415.47780496274754,417.4363409532223,404.6611207314944,407.0570983886719,20313600
msft,2024-09-04,403.5476443909062,408.8466109265116,402.01659855552833,406.5202331542969,15135800
msft,2024-09-05,405.2476455783769,410.6957628850725,403.7663270914325,406.01318359375,14195500
msft,2024-09-06,406.6792718819864,408.2600144548305,398.4673353023376,399.3621215820313,19609500
msft,2024-09-09,404.8699075277366,406.2717051556254,399.8095342931428,403.3587646484375,15295100
msft,2024-09-10,405.8243478334636,413.9070069368657,405.32725776034073,411.7894287109375,19594300
msft,2024-09-11,413.08181573237965,421.5223947493852,407.1962564161617,420.5779418945313,19266900
msft,2024-09-12,420.8463656693976,424.8827343519594,417.3070870249836,424.514892578125,17395700
msft,2024-09-13,423.3516776250456,429.3167579290349,422.9838358606944,428.083984375,15874600
msft,2024-09-16,428.0939368309988,431.0068771042965,425.7277834507889,428.8296203613281,13834700
msft,2024-09-17,437.6679140298658,439.27848092894993,429.7542186309564,432.6174621582031,18874200
msft,2024-09-18,432.46832068384987,433.4923249192268,427.9050379063957,428.3027038574219,18898000
msft,2024-09-19,438.6620665976809,438.9304842840282,434.3572500672092,436.1368408203125,21706600
msft,2024-09-20,434.6754186759471,436.6836515284863,431.6928784161533,432.73675537109375,55167100
msft,2024-09-23,431.75253779309,433.9198431554934,427.88519293448667,430.9870300292969,15128900
msft,2024-09-24,430.47996802683457,430.8279371174826,423.6201316482112,426.6722717285156,17015800
msft,2024-09-25,427.3283940093525,430.5992548420044,426.0757477878855,429.5951232910156,13396400
msft,2024-09-26,432.5578041483432,432.766573468399,426.6324994108163,428.7998046875,14492000
msft,2024-09-27,429.0085915782672,429.33668800604624,424.98217425530135,425.5289611816406,14896100
msft,2024-09-30,425.7178520466358,427.9150119120048,422.8943842039572,427.7956848144531,16807300
msft,2024-10-01,425.95648564338745,425.9863098334652,416.37257469880086,418.24163818359375,19092900
msft,2024-10-02,420.12062555956777,420.3592494217051,414.2847930567838,414.7023620605469,16582300
msft,2024-10-03,415.1994363500384,417.1082451347957,411.8788784861643,414.1157836914063,13686400
msft,2024-10-04,415.8058550353904,417.3070766219624,412.554897189336,413.6385498046875,19169700
msft,2024-10-07,413.57888857865095,414.6824138383572,406.61962843429865,407.156494140625,20919800
msft,2024-10-08,408.50859351504334,413.24090045920747,405.79450128292336,412.2964172363281,19229300
msft,2024-10-09,413.4397317591671,417.9334453367463,411.8888131930908,415.0304260253906,14974300
msft,2024-10-10,412.8133950520586,414.9210519137125,410.74548354781774,413.4198303222656,13848400
msft,2024-10-11,413.7180885691892,414.7023170813495,410.8448937448496,413.8970336914063,14144900
msft,2024-10-14,415.3386008817118,421.5721293976272,415.090055861842,416.7006530761719,16653100
msft,2024-10-15,419.7229298265709,420.02120204810905,412.8432208119585,416.3029479980469,18900200
msft,2024-10-16,412.7537283462629,413.9367746460962,408.0910216693982,413.69818115234375,15508900
msft,2024-10-17,419.9018679111856,420.0410676802283,413.1712799502717,414.2947082519531,14820000
msft,2024-10-18,414.7122961104646,417.2076674979936,413.8374127793913,415.7263488769531,17145300
msft,2024-10-21,413.6982202013397,416.5216880571269,411.3420182082338,416.3427429199219,14206100
msft,2024-10-22,416.0543883901565,428.0740212353368,415.6070255834921,425.02191162109375,25482200
msft,2024-10-23,428.35242251551375,428.5711433507003,420.0709156477079,422.1288757324219,19654400
msft,2024-10-24,422.85460145374896,423.5008427798279,419.941661091456,422.2581176757813,13581600
msft,2024-10-25,424.2763085648032,430.0027653012564,424.0874119188817,425.658203125,16899100
msft,2024-10-28,429.1478003666399,429.4261695906152,423.8189790705799,424.1072998046875,14882400
msft,2024-10-29,425.5090727531412,430.6489970983668,423.3218644487967,429.4360961914063,17644100
msft,2024-10-30,434.8941538571239,435.9479823564893,429.5852356603292,430.0127258300781,29749100
msft,2024-10-31,412.9426186903331,413.7379809491165,403.93534969689097,403.9850769042969,53971000
msft,2024-11-01,406.6296190582037,413.0818383039077,405.12839737386855,407.981689453125,24230400
msft,2024-11-04,407.414991879503,408.0314090256176,403.2096294840388,406.0827941894531,19672300
msft,2024-11-05,405.99332524640585,412.4853201284023,405.7050045203228,409.0653381347656,17626000
msft,2024-11-06,410.0197716507701,418.0030366685823,408.13080518207255,417.7345886230469,26681800
msft,2024-11-07,418.8281688837221,424.3657590257446,417.43632288625736,422.9540100097656,19901800
msft,2024-11-08,422.84469107033385,424.01781631688647,419.3252849907069,420.0808715820313,16891400
msft,2024-11-11,420.060971682132,422.3376526429211,413.5789282483213,415.5772399902344,24503300
msft,2024-11-12,415.8158136502301,421.969790701444,414.771936714292,420.5679931640625,19401200
msft,2024-11-13,419.1860937392156,426.8313104637277,415.7760330857976,422.7253723144531,21502200
msft,2024-11-14,422.526533184943,425.6780973820496,417.5556327945319,424.4055480957031,30246900
msft,2024-11-15,417.3767027455775,420.3393400677491,411.23267692258383,412.5847473144531,28247600
msft,2024-11-18,412.4554971706168,415.9649517435253,409.7016291897124,413.34033203125,24727000
msft,2024-11-19,410.7057043157201,415.5076109291685,409.154785870871,415.3584899902344,18133500
msft,2024-11-20,414.4438422518667,414.861411232188,408.19044109637775,413.0718688964844,19191700
msft,2024-11-21,417.8933391524707,418.1722655525636,408.7186214344056,411.2887268066406,20780200
msft,2024-11-22,409.79445106089474,415.8013549892085,409.48564079067086,415.4028930664063,24814600
msft,2024-11-25,416.7776323033626,419.4672732103364,413.2611532266888,417.1860656738281,27691100
msft,2024-11-26,417.9830073436352,427.396826920373,417.24585120009374,426.350830078125,23458900
msft,2024-11-27,423.48184026594765,425.5937463329837,420.4036784238945,421.3699645996094,18332400
msft,2024-11-29,418.4811073183322,423.2527707652544,416.1998692026867,421.8381958007813,16271900
msft,2024-12-02,419.95541246483856,431.3416287639885,419.6963985253484,429.3293762207031,20207200
msft,2024-12-03,428.1937463407693,430.8136785324232,426.1017830789421,429.5485534667969,18302000
msft,2024-12-04,431.3715193088951,437.98610309109085,430.973057365549,435.7447204589844,26009400
msft,2024-12-05,436.2428234590915,442.9570002031869,434.4995257845279,440.9248046875,21697800
msft,2024-12-06,440.605999369761,444.3914637865622,440.0780304611881,441.87115478515625,18821000
msft,2024-12-09,440.904882933204,446.61291802797285,438.8129196876974,444.311767578125,19144400
msft,2024-12-10,442.6880177694449,447.89796761162455,439.9086948512907,441.6320495605469,18469500
msft,2024-12-11,442.3493333929992,448.6252234428676,442.3493333929992,447.2704162597656,19200200
msft,2024-12-12,447.389907127457,454.4129240722559,447.389907127457,447.8381958007813,20834800
msft,2024-12-13,446.722508676707,449.7010474581427,443.8734464678006,445.5569763183594,20177800
msft,2024-12-16,445.55695084461104,450.4481492573408,443.574582246633,449.86041259765625,23598800
msft,2024-12-17,449.2826833242326,453.5462901057899,447.84819595840975,452.7194519042969,22733500
msft,2024-12-18,449.5914856002837,450.9163784238889,435.3462352856184,435.71484375,24444500
msft,2024-12-19,439.9286181103882,441.4826409757379,434.6489289397384,435.356201171875,22963700
msft,2024-12-20,431.4512325197303,442.0405259174741,426.988409771976,434.9278869628906,64263700
msft,2024-12-23,435.0673220587455,435.9738405026487,431.1722932989543,433.5830383300781,19152500
msft,2024-12-24,432.98533109593694,437.9163852877858,432.5271013587344,437.64739990234375,7164500
msft,2024-12-26,437.3983540840164,439.2512462781778,434.9577555797017,436.43206787109375,8194200
msft,2024-12-27,432.9355230391817,433.5531436249425,424.7171198755552,428.881103515625,18117700
msft,2024-12-30,424.4282114896869,425.9124951444225,420.2841404099869,423.2029113769531,13158700
msft,2024-12-31,424.4680695178944,425.0956615210949,419.0489019483089,419.88568115234375,13246500
msft,2025-01-02,423.9002620409249,424.4382024078871,413.2611726539346,416.9768676757813,16896500
msft,2025-01-03,419.4672816518615,422.4059955323201,417.9332016254231,421.7286071777344,16662900
msft,2025-01-06,426.3607841744266,432.6565862275622,423.8504465763424,426.21136474609375,20573600
msft,2025-01-07,427.356962317073,429.00063686122985,419.18835553907815,420.7523498535156,18139100
msft,2025-01-08,421.8381668103431,425.3347334633813,419.9255373117582,422.9339599609375,15054600
msft,2025-01-10,423.0036976315441,423.0833778600729,413.4304875422897,417.345458984375,20201100
msft,2025-01-13,413.6496498082875,416.8971739621178,410.71096634455273,415.5921936035156,17604800
msft,2025-01-14,416.2098216251219,418.1324225968999,409.1469793562449,414.0780334472656,16935900
msft,2025-01-15,417.5247525233758,426.51019531397225,416.6680304830878,424.67724609375,19637800
msft,2025-01-16,427.0581034768278,427.8450559110229,422.7646130850573,422.953857421875,15300000
msft,2025-01-17,432.4274589059452,432.81597982276594,426.5301491586529,427.3868408203125,26197500
msft,2025-01-21,428.55238804454143,429.2496888722742,423.9699995165458,426.85888671875,26085700
msft,2025-01-22,435.8841650351672,445.5569677171093,434.33014218783535,444.4910888671875,27803800
msft,2025-01-23,440.30716256200645,445.0389703044714,439.8090775364838,444.9991149902344,18389300
msft,2025-01-24,443.4550766157881,444.9393603072831,439.70946738545626,442.3592834472656,15549500
msft,2025-01-27,422.3860783898249,433.5332238334213,421.8780219291722,432.8956604003906,35647800
msft,2025-01-28,432.93552501884864,446.66274757404807,429.7278561291377,445.4872741699219,23491700
msft,2025-01-29,444.97921209968376,445.1684868455072,438.7132938317083,440.6358947753906,23581400
msft,2025-01-30,417.1661258658952,421.240457770868,411.5776264111281,413.4006042480469,54586300
msft,2025-01-31,417.3753368711932,419.0787791378778,413.32091748728266,413.4703369140625,34161900
msft,2025-02-03,410.02361028085903,413.819015846871,407.0948678187981,409.3462219238281,25679100
msft,2025-02-04,411.1094311345796,412.3347312724244,408.1707172498281,410.7906494140625,20532100
msft,2025-02-05,410.77072053658367,412.2450327338191,408.828176805576,411.7071228027344,16316700
msft,2025-02-06,412.41441067873023,416.59833715024297,412.41441067873023,414.2274475097656,16309800
msft,2025-02-07,414.8849302333569,417.0466023053385,406.5370200109021,408.1806945800781,22886800
msft,2025-02-10,412.1254884282369,413.868785954634,409.3461959746536,410.6412048339844,20817900
msft,2025-02-11,408.0711028958629,410.9101631414249,407.73237833536206,409.86419677734375,18140600
msft,2025-02-12,405.6503805324544,409.1768308737253,402.82126135721137,407.473388671875,19121700
msft,2025-02-13,405.4412009596675,409.4258810673793,404.8036375500993,408.9676513671875,23891700
msft,2025-02-14,406.2281896382052,407.3438952203064,404.3255012113121,406.86572265625,22758500
msft,2025-02-18,406.4373725143938,409.0274206742818,404.943117468385,408.0711059570313,21423100
msft,2025-02-19,406.3178313932664,413.8986706302125,406.0887013451084,413.1814270019531,24114200
msft,2025-02-20,414.52900508229465,418.5416276159257,411.784044354801,415.3674621582031,23508700
msft,2025-02-21,416.5752186827425,417.2839090748864,407.1425541325549,407.4619445800781,27524800
msft,2025-02-24,407.7614192904554,408.6198287275297,398.588257435889,403.2596740722656,26443700
msft,2025-02-25,400.3649855487621,401.18349019975926,395.9730546936776,397.17083740234375,29387400
msft,2025-02-26,397.28064827533655,402.860400830509,393.5275288045757,398.99749755859375,19619000
msft,2025-02-27,400.5346739302656,404.9964840093174,391.4513737735657,391.8106994628906,21127400
msft,2025-02-28,391.94046026830176,396.9013540385077,385.8616237546672,396.2625122070313,32845700
msft,2025-03-03,398.0891633417286,398.0891633417286,385.4523593369203,387.778076171875,23007700
msft,2025-03-04,382.6974135187692,391.8605838606322,380.3018176104047,387.8978576660156,29342900
msft,2025-03-05,388.62653647287385,400.9339589862258,388.0975089086104,400.2851257324219,23433100
msft,2025-03-06,393.557486671848,401.4130601425524,391.9604125552081,396.1627197265625,23304600
msft,2025-03-07,391.601087821307,394.0765237695316,384.8335132703471,392.5892639160156,22034100
msft,2025-03-10,385.1329632711281,385.6919346613749,376.5287638766263,379.46337890625,32840100
msft,2025-03-11,378.30548307291184,385.2926555834933,376.2193166501511,379.7528381347656,30380200
msft,2025-03-12,382.2482670126177,384.5140963348653,378.2555969008229,382.5676574707031,24253600
msft,2025-03-13,382.4578672121625,384.6139126915579,376.75833925299,378.0758972167969,20473000
msft,2025-03-14,379.0840519928303,389.51491455417886,378.8145577339824,387.8479614257813,19952800
msft,2025-03-17,385.9913968692823,391.9903630236124,384.8634626840814,387.98773193359375,22474300
msft,2025-03-18,386.3607127115224,386.6601507855219,380.4016513456866,382.8171997070313,19486900
msft,2025-03-19,384.8235322758774,388.9659214939022,383.29633715100766,387.1093444824219,19185500
msft,2025-03-20,385.0331131975468,391.07204471615,382.5776297310475,386.131103515625,18470500
msft,2025-03-21,382.5177544739553,391.0221306945889,382.09851071654674,390.54302978515625,39675900
msft,2025-03-24,394.67543616141086,394.67543616141086,389.09568331150246,392.3596801757813,21004500
msft,2025-03-25,393.198164585924,395.63366532055824,391.9205113732519,394.4358825683594,15775000
msft,2025-03-26,394.2761831812202,394.5856126855185,387.85797313035886,389.2554016113281,16108400
msft,2025-03-27,389.4151007040484,391.5212195564284,386.6900923994873,389.8642578125,13766800
msft,2025-03-28,387.36882809704144,388.4169222438939,376.2392666189567,378.1058349609375,21632000
msft,2025-03-31,371.8573344110368,376.3790320336197,366.5670283067677,374.7021179199219,35184700
msft,2025-04-01,373.96346276032,382.1484487727996,372.5460819120789,381.4896545410156,19689500
msft,2025-04-02,377.2773862564683,384.3743428432238,375.9298539853364,381.4397583007813,16092600
msft,2025-04-03,374.1032141191556,376.788287190408,368.6731803622599,372.42626953125,30198000
msft,2025-04-04,363.4627502923482,373.9035742050073,358.8212773354498,359.1806030273437,49209900
msft,2025-04-07,350.2370336524557,370.3201598177644,344.1581969485817,357.2042236328125,50425000
msft,2025-04-08,367.585185716996,372.9652928837084,349.6081786868937,353.9102783203125,35868900
msft,2025-04-09,352.8921435234206,392.5094137035167,352.45294739016697,389.7744140625,50199700
msft,2025-04-10,381.3598744812396,383.19649903483815,367.1259961137824,380.6511840820313,38024400
msft,2025-04-11,379.9425037151649,389.3352333779351,378.195710535484,387.7381896972656,23839200
msft,2025-04-14,392.4994245329486,393.9267967433856,383.5059256339463,387.0993347167969,19251200
msft,2025-04-15,387.79806728847,391.17187833074144,383.4560325474498,385.0231628417969,17199900
msft,2025-04-16,379.97244183574617,380.9106912763521,367.3256460010072,370.9290161132813,21967800
msft,2025-04-17,373.0651098854367,373.6340726815441,366.2176953329466,367.1060485839844,21120200
msft,2025-04-21,362.1551460624454,363.8121077971333,355.01825440362086,358.4619140625,20807300
msft,2025-04-22,362.7141283475077,367.09606804173376,359.20055908423666,366.1478271484375,19485000
msft,2025-04-23,375.3708716590499,379.6929540391626,372.33643389707953,373.7039489746094,20545500
msft,2025-04-24,375.0115520530072,387.7381880213899,374.5024768665421,386.59027099609375,22232300
msft,2025-04-25,386.29083932956814,391.44138750936105,383.8952433175299,391.1319580078125,18973200
msft,2025-04-28,391.241728610284,392.0202980494585,385.9315006090283,390.4432067871094,16579400
msft,2025-04-29,390.5829324517716,394.3759872470841,389.6646354058631,393.3179321289063,14974000
msft,2025-04-30,389.58477271143016,395.9331340086756,383.73552563819743,394.5357055664063,36461100
msft,2025-05-01,430.3199808366381,436.1892106723326,424.12136912560175,424.6204528808594,58938100
msft,2025-05-02,430.948839257634,438.63474141621873,429.20204608174254,434.48236083984375,30757400
msft,2025-05-05,432.0767565448986,438.6946118778074,431.3181395047298,435.3707275390625,20136100
msft,2025-05-06,431.408009380462,436.9278744842836,430.3798980651205,432.5159606933594,15104200
msft,2025-05-07,433.04500054847074,437.3171563878889,430.319992206568,432.555908203125,23295300
msft,2025-05-08,437.1274845165557,442.8569866615064,434.8616552652553,437.3670654296875,23491300
msft,2025-05-09,439.193717718148,439.93235195021686,435.0812723261066,437.9260559082031,15324200
msft,2025-05-12,445.1228136773673,448.5465208630377,438.9740982732109,448.4367370605469,22821900
msft,2025-05-13,446.9594623818115,449.8441812103938,444.54388351816056,448.3169860839844,23618800
msft,2025-05-14,447.3187935842875,453.0682176126866,447.3187935842875,452.1099853515625,19902800
msft,2025-05-15,450.7699890136719,456.1900024414063,450.4299926757813,453.1300048828125,21992300
msft,2025-05-16,452.0499877929688,454.3599853515625,448.7300109863281,454.2699890136719,23849800
msft,2025-05-19,450.8800048828125,459.5899963378906,450.7999877929688,458.8699951171875,21336500
msft,2025-05-20,455.5899963378906,458.3399963378906,454.3200073242188,458.1700134277344,15441800
msft,2025-05-21,454.5700073242188,457.7799987792969,451.80999755859375,452.5700073242188,19216900
msft,2025-05-22,454.9500122070313,460.25,453.8999938964844,454.8599853515625,18025600
msft,2025-05-23,449.9800109863281,453.6900024414063,448.9100036621094,450.1799926757813,16883500
msft,2025-05-27,456.4800109863281,460.9500122070313,456.1199951171875,460.6900024414063,20974300
msft,2025-05-28,461.2200012207031,462.5199890136719,456.9299926757813,457.3599853515625,17086300
msft,2025-05-29,461.5499877929688,461.7200012207031,455.30999755859375,458.6799926757813,13974800
msft,2025-05-30,459.7200012207031,461.6799926757813,455.5400085449219,460.3599853515625,34770500
msft,2025-06-02,457.1400146484375,462.1099853515625,456.8900146484375,461.9700012207031,16626500
msft,2025-06-03,461.4700012207031,464.1400146484375,460.8599853515625,462.9700012207031,15743800
msft,2025-06-04,464.0,465.6900024414063,463.0199890136719,463.8699951171875,14162700
msft,2025-06-05,464.9599914550781,469.6499938964844,464.0299987792969,467.6799926757813,20131700
msft,2025-06-06,470.0899963378906,473.3399963378906,468.7799987792969,470.3800048828125,15285600
msft,2025-06-09,469.7000122070313,473.4299926757813,468.6199951171875,472.75,16469900
msft,2025-06-10,471.1900024414063,472.7999877929688,466.9599914550781,470.9200134277344,15375900
msft,2025-06-11,470.0199890136719,475.4700012207031,469.6600036621094,472.6199951171875,16399200
msft,2025-06-12,475.0199890136719,480.4200134277344,473.5199890136719,478.8699951171875,18950600
msft,2025-06-13,476.4100036621094,479.1799926757813,472.760009765625,474.9599914550781,16814500
msft,2025-06-16,475.2099914550781,480.6900024414063,475.0,479.1400146484375,15626100
msft,2025-06-17,475.3999938964844,478.739990234375,474.0799865722656,478.0400085449219,15414100
msft,2025-06-18,478.0,481.0,474.4599914550781,480.239990234375,17526500
msft,2025-06-20,482.2300109863281,483.4599914550781,476.8699951171875,477.3999938964844,37576200
msft,2025-06-23,478.2099914550781,487.75,472.510009765625,486.0,24864000
msft,2025-06-24,488.9500122070313,491.8500061035156,486.7999877929688,490.1099853515625,22305600
msft,2025-06-25,492.0400085449219,494.55999755859375,489.3900146484375,492.2699890136719,17495100
msft,2025-06-26,492.9800109863281,498.0400085449219,492.80999755859375,497.4500122070313,21578900
msft,2025-06-27,497.5499877929688,499.2999877929688,493.0299987792969,495.9400024414063,34539200
msft,2025-06-30,497.0400085449219,500.760009765625,495.3299865722656,497.4100036621094,28369000
msft,2025-07-01,496.4700012207031,498.0499877929688,490.9800109863281,492.0499877929688,19945400
msft,2025-07-02,489.989990234375,493.5,488.7000122070313,491.0899963378906,16319600
msft,2025-07-03,493.80999755859375,500.1300048828125,493.4400024414063,498.8399963378906,13984800
msft,2025-07-07,497.3800048828125,498.75,495.2300109863281,497.7200012207031,13981600
msft,2025-07-08,497.239990234375,498.2000122070313,494.1099853515625,496.6199951171875,11846600
msft,2025-07-09,500.2999877929688,506.7799987792969,499.739990234375,503.510009765625,18659500
msft,2025-07-10,503.0499877929688,504.4400024414063,497.75,501.4800109863281,16492100
msft,2025-07-11,498.4700012207031,505.0299987792969,497.7999877929688,503.3200073242188,16459500
msft,2025-07-14,501.5199890136719,503.9700012207031,501.0299987792969,503.0199890136719,12058800
msft,2025-07-15,503.0199890136719,508.2999877929688,502.7900085449219,505.8200073242188,14927200
msft,2025-07-16,505.1799926757813,506.7200012207031,501.8900146484375,505.6199951171875,15154400
msft,2025-07-17,505.6799926757813,513.3699951171875,505.6199951171875,511.7000122070313,17503100
msft,2025-07-18,514.47998046875,514.6400146484375,507.4299926757813,510.0499877929688,21209700
msft,2025-07-21,506.7099914550781,512.0900268554688,505.5499877929688,510.05999755859375,14066800
msft,2025-07-22,510.9700012207031,511.2000122070313,505.2699890136719,505.2699890136719,13868600
msft,2025-07-23,506.75,506.7900085449219,500.7000122070313,505.8699951171875,16396600
msft,2025-07-24,508.7699890136719,513.6699829101562,507.2999877929688,510.8800048828125,16107000
msft,2025-07-25,512.469970703125,518.2899780273438,510.3599853515625,513.7100219726562,19125700
msft,2025-07-28,514.0800170898438,515.0,510.1199951171875,512.5,14293300
tsla,2024-07-29,224.8999938964844,234.2700042724609,224.6999969482422,232.1000061035156,129201800
tsla,2024-07-30,232.25,232.41000366210935,220.0,222.6199951171875,100560300
tsla,2024-07-31,227.8999938964844,234.67999267578125,226.7899932861328,232.07000732421875,67497000
tsla,2024-08-01,227.69000244140625,231.8699951171875,214.3300018310547,216.8600006103516,83861900
tsla,2024-08-02,214.8800048828125,216.1300048828125,205.77999877929688,207.6699981689453,82880100
tsla,2024-08-05,185.22000122070312,203.8800048828125,182.0,198.8800048828125,100308800
tsla,2024-08-06,200.75,202.8999938964844,192.6699981689453,200.63999938964844,73783900
tsla,2024-08-07,200.7700042724609,203.4900054931641,191.47999572753903,191.75999450683597,71159800
tsla,2024-08-08,195.6999969482422,200.6999969482422,192.0399932861328,198.83999633789065,65033900
tsla,2024-08-09,197.0500030517578,200.8800048828125,195.1100006103516,200.0,58648300
tsla,2024-08-12,199.0200042724609,199.25999450683597,194.6699981689453,197.4900054931641,64044900
tsla,2024-08-13,198.47000122070312,208.4900054931641,197.05999755859372,207.8300018310547,76247400
tsla,2024-08-14,207.38999938964844,208.44000244140625,198.75,201.3800048828125,70250000
tsla,2024-08-15,205.0200042724609,215.8800048828125,204.82000732421875,214.13999938964844,89848500
tsla,2024-08-16,211.1499938964844,219.8000030517578,210.8000030517578,216.1199951171875,88765100
tsla,2024-08-19,217.07000732421875,222.97999572753903,214.08999633789065,222.72000122070312,76435200
tsla,2024-08-20,224.8800048828125,228.22000122070312,219.55999755859372,221.1000061035156,74001200
tsla,2024-08-21,222.6699981689453,224.66000366210935,218.8600006103516,223.2700042724609,70146000
tsla,2024-08-22,223.82000732421875,224.8000030517578,210.32000732421875,210.66000366210935,79514500
tsla,2024-08-23,214.4600067138672,221.47999572753903,214.2100067138672,220.32000732421875,81525200
tsla,2024-08-26,218.75,219.08999633789065,211.00999450683597,213.2100067138672,59301200
tsla,2024-08-27,213.25,215.66000366210935,206.94000244140625,209.2100067138672,62821400
tsla,2024-08-28,209.72000122070312,211.83999633789065,202.58999633789065,205.75,64116400
tsla,2024-08-29,209.8000030517578,214.88999938964844,205.97000122070312,206.27999877929688,62308800
tsla,2024-08-30,208.6300048828125,214.57000732421875,207.02999877929688,214.1100006103516,63370600
tsla,2024-09-03,215.25999450683597,219.8999938964844,209.63999938964844,210.6000061035156,76714200
tsla,2024-09-04,210.58999633789065,222.22000122070312,210.57000732421875,219.41000366210935,80651800
tsla,2024-09-05,223.4900054931641,235.0,222.25,230.1699981689453,119355000
tsla,2024-09-06,232.6000061035156,233.6000061035156,210.50999450683597,210.72999572753903,112177000
tsla,2024-09-09,216.1999969482422,219.8699951171875,213.6699981689453,216.2700042724609,67443500
tsla,2024-09-10,220.07000732421875,226.3999938964844,218.63999938964844,226.1699981689453,78891100
tsla,2024-09-11,224.5500030517578,228.47000122070312,216.8000030517578,228.1300048828125,83548600
tsla,2024-09-12,224.66000366210935,231.4499969482422,223.8300018310547,229.80999755859372,71894900
tsla,2024-09-13,228.0,232.6699981689453,226.32000732421875,230.2899932861328,59515100
tsla,2024-09-16,229.3000030517578,229.9600067138672,223.52999877929688,226.77999877929688,54323000
tsla,2024-09-17,229.4499969482422,234.57000732421875,226.5500030517578,227.8699951171875,66761600
tsla,2024-09-18,230.08999633789065,235.67999267578125,226.8800048828125,227.1999969482422,78010200
tsla,2024-09-19,234.0,244.2400054931641,232.1300048828125,243.9199981689453,102694600
tsla,2024-09-20,241.5200042724609,243.9900054931641,235.9199981689453,238.25,99879100
tsla,2024-09-23,242.6100006103516,250.0,241.9199981689453,250.0,86927200
tsla,2024-09-24,254.0800018310547,257.19000244140625,249.0500030517578,254.2700042724609,88491000
tsla,2024-09-25,252.5399932861328,257.04998779296875,252.27999877929688,257.0199890136719,65034300
tsla,2024-09-26,260.6000061035156,261.75,251.52999877929688,254.22000122070312,67142200
tsla,2024-09-27,257.3800048828125,260.70001220703125,254.1199951171875,260.4599914550781,70988100
tsla,2024-09-30,259.0400085449219,264.8599853515625,255.7700042724609,261.6300048828125,80705700
tsla,2024-10-01,262.6700134277344,263.9800109863281,248.52999877929688,258.0199890136719,87397600
tsla,2024-10-02,247.5500030517578,251.16000366210935,241.5,249.0200042724609,93983900
tsla,2024-10-03,244.47999572753903,249.7899932861328,237.80999755859372,240.66000366210935,80729200
tsla,2024-10-04,246.69000244140625,250.9600067138672,244.5800018310547,250.0800018310547,86573200
tsla,2024-10-07,249.0,249.8300018310547,240.6999969482422,240.8300018310547,68113300
tsla,2024-10-08,243.55999755859372,246.2100067138672,240.55999755859372,244.5,56303200
tsla,2024-10-09,243.82000732421875,247.42999267578125,239.50999450683597,241.0500030517578,66289500
tsla,2024-10-10,241.80999755859372,242.7899932861328,232.33999633789065,238.7700042724609,83087100
tsla,2024-10-11,220.1300048828125,223.33999633789065,214.3800048828125,217.8000030517578,142628900
tsla,2024-10-14,220.1300048828125,221.91000366210935,213.7400054931641,219.16000366210935,86291900
tsla,2024-10-15,220.00999450683597,224.25999450683597,217.1199951171875,219.57000732421875,62988800
tsla,2024-10-16,221.3999938964844,222.82000732421875,218.92999267578125,221.3300018310547,49632800
tsla,2024-10-17,221.58999633789065,222.0800018310547,217.8999938964844,220.88999938964844,50791800
tsla,2024-10-18,220.7100067138672,222.27999877929688,219.22999572753903,220.6999969482422,49611900
tsla,2024-10-21,218.8999938964844,220.47999572753903,215.72999572753903,218.8500061035156,47329000
tsla,2024-10-22,217.30999755859372,218.22000122070312,215.25999450683597,217.97000122070312,43268700
tsla,2024-10-23,217.1300048828125,218.72000122070312,212.1100006103516,213.6499938964844,80938900
tsla,2024-10-24,244.67999267578125,262.1199951171875,242.6499938964844,260.4800109863281,204491900
tsla,2024-10-25,256.010009765625,269.489990234375,255.32000732421875,269.19000244140625,161611900
tsla,2024-10-28,270.0,273.5400085449219,262.239990234375,262.510009765625,107653600
tsla,2024-10-29,264.510009765625,264.9800109863281,255.50999450683597,259.5199890136719,80521800
tsla,2024-10-30,258.0400085449219,263.3500061035156,255.82000732421875,257.54998779296875,53993600
tsla,2024-10-31,257.989990234375,259.75,249.25,249.8500061035156,66575300
tsla,2024-11-01,252.0399932861328,254.0,246.6300048828125,248.97999572753903,57544800
tsla,2024-11-04,244.55999755859372,248.8999938964844,238.8800048828125,242.83999633789065,68802400
tsla,2024-11-05,247.33999633789065,255.27999877929688,246.2100067138672,251.44000244140625,69282500
tsla,2024-11-06,284.6700134277344,289.5899963378906,275.6199951171875,288.5299987792969,165228700
tsla,2024-11-07,288.8900146484375,299.75,285.5199890136719,296.9100036621094,117309200
tsla,2024-11-08,299.1400146484375,328.7099914550781,297.6600036621094,321.2200012207031,204782800
tsla,2024-11-11,346.29998779296875,358.6400146484375,336.0,350.0,210521600
tsla,2024-11-12,342.739990234375,345.8399963378906,323.3099975585937,328.489990234375,155726000
tsla,2024-11-13,335.8500061035156,344.6000061035156,322.5,330.239990234375,125405600
tsla,2024-11-14,327.69000244140625,329.9800109863281,310.3699951171875,311.17999267578125,120726100
tsla,2024-11-15,310.57000732421875,324.67999267578125,309.2200012207031,320.7200012207031,114440300
tsla,2024-11-18,340.7300109863281,348.54998779296875,330.010009765625,338.739990234375,126085600
tsla,2024-11-19,335.760009765625,347.3800048828125,332.75,346.0,88852500
tsla,2024-11-20,345.0,346.6000061035156,334.29998779296875,342.0299987792969,66340700
tsla,2024-11-21,343.8099975585937,347.989990234375,335.2799987792969,339.6400146484375,58011700
tsla,2024-11-22,341.0899963378906,361.5299987792969,337.70001220703125,352.5599975585937,89140700
tsla,2024-11-25,360.1400146484375,361.9299926757813,338.20001220703125,338.5899963378906,95890900
tsla,2024-11-26,341.0,346.9599914550781,335.6600036621094,338.2300109863281,62295900
tsla,2024-11-27,341.79998779296875,342.54998779296875,326.5899963378906,332.8900146484375,57896400
tsla,2024-11-29,336.0799865722656,345.45001220703125,334.6499938964844,345.1600036621094,37167600
tsla,2024-12-02,352.3800048828125,360.0,351.1499938964844,357.0899963378906,77986500
tsla,2024-12-03,351.79998779296875,355.69000244140625,348.20001220703125,351.4200134277344,58267200
tsla,2024-12-04,353.0,358.1000061035156,348.6000061035156,357.92999267578125,50810900
tsla,2024-12-05,359.8699951171875,375.4299926757813,359.5,369.489990234375,81403600
tsla,2024-12-06,377.4200134277344,389.489990234375,370.7999877929688,389.2200012207031,81455800
tsla,2024-12-09,397.6099853515625,404.7999877929688,378.010009765625,389.7900085449219,96359200
tsla,2024-12-10,392.6799926757813,409.7300109863281,390.8500061035156,400.989990234375,97563600
tsla,2024-12-11,409.7000122070313,424.8800048828125,402.3800048828125,424.7699890136719,104287600
tsla,2024-12-12,424.8399963378906,429.2999877929688,415.0,418.1000061035156,87752200
tsla,2024-12-13,420.0,436.2999877929688,415.7099914550781,436.2300109863281,89000200
tsla,2024-12-16,441.0899963378906,463.1900024414063,436.1499938964844,463.0199890136719,114083800
tsla,2024-12-17,475.8999938964844,483.989990234375,457.510009765625,479.8599853515625,131223000
tsla,2024-12-18,466.5,488.5400085449219,427.010009765625,440.1300048828125,149340800
tsla,2024-12-19,451.8800048828125,456.3599853515625,420.0199890136719,436.1700134277344,118566100
tsla,2024-12-20,425.510009765625,447.0799865722656,417.6400146484375,421.05999755859375,132216200
tsla,2024-12-23,431.0,434.510009765625,415.4100036621094,430.6000061035156,72698100
tsla,2024-12-24,435.8999938964844,462.7799987792969,435.1400146484375,462.2799987792969,59551800
tsla,2024-12-26,465.1600036621094,465.3299865722656,451.0199890136719,454.1300048828125,76366400
tsla,2024-12-27,449.5199890136719,450.0,426.5,431.6600036621094,82666800
tsla,2024-12-30,419.3999938964844,427.0,415.75,417.4100036621094,64941000
tsla,2024-12-31,423.7900085449219,427.9299926757813,402.5400085449219,403.8399963378906,76825100
tsla,2025-01-02,390.1000061035156,392.7300109863281,373.0400085449219,379.2799987792969,109710700
tsla,2025-01-03,381.4800109863281,411.8800048828125,379.4500122070313,410.4400024414063,95423300
tsla,2025-01-06,423.2000122070313,426.4299926757813,401.7000122070313,411.0499877929688,85516500
tsla,2025-01-07,405.8299865722656,414.3299865722656,390.0,394.3599853515625,75699500
tsla,2025-01-08,392.9500122070313,402.5,387.3999938964844,394.9400024414063,73038800
tsla,2025-01-10,391.3999938964844,399.2799987792969,377.2900085449219,394.739990234375,62287300
tsla,2025-01-13,383.2099914550781,403.7900085449219,380.0700073242188,403.30999755859375,67580500
tsla,2025-01-14,414.3399963378906,422.6400146484375,394.5400085449219,396.3599853515625,84565000
tsla,2025-01-15,409.8999938964844,429.7999877929688,405.6600036621094,428.2200012207031,81375500
tsla,2025-01-16,423.489990234375,424.0,409.1300048828125,413.8200073242188,68335200
tsla,2025-01-17,421.5,439.739990234375,419.75,426.5,94991400
tsla,2025-01-21,432.6400146484375,433.2000122070313,406.30999755859375,424.0700073242188,87320900
tsla,2025-01-22,416.80999755859375,428.0,414.5899963378906,415.1099853515625,60963300
tsla,2025-01-23,416.05999755859375,420.7300109863281,408.9500122070313,412.3800048828125,50690600
tsla,2025-01-24,414.4500122070313,418.8800048828125,405.7799987792969,406.5799865722656,56427100
tsla,2025-01-27,394.7999877929688,406.6900024414063,389.0,397.1499938964844,58125500
tsla,2025-01-28,396.9100036621094,400.5899963378906,386.5,398.0899963378906,48910700
tsla,2025-01-29,395.2099914550781,398.5899963378906,384.4800109863281,389.1000061035156,68033600
tsla,2025-01-30,410.7799987792969,412.5,384.4100036621094,400.2799987792969,98092900
tsla,2025-01-31,401.5299987792969,419.989990234375,401.3399963378906,404.6000061035156,83283600
tsla,2025-02-03,386.6799926757813,389.1700134277344,374.3599853515625,383.6799926757813,93732100
tsla,2025-02-04,382.6300048828125,394.0,381.3999938964844,392.2099914550781,57072200
tsla,2025-02-05,387.510009765625,388.3900146484375,375.5299987792969,378.1700134277344,57223300
tsla,2025-02-06,373.0299987792969,375.3999938964844,363.1799926757813,374.3200073242188,77918200
tsla,2025-02-07,370.1900024414063,380.5499877929688,360.3399963378906,361.6199951171875,70298300
tsla,2025-02-10,356.2099914550781,362.7000122070313,350.510009765625,350.7300109863281,77514900
tsla,2025-02-11,345.79998779296875,349.3699951171875,325.1000061035156,328.5,118543400
tsla,2025-02-12,329.94000244140625,346.3999938964844,329.1199951171875,336.510009765625,105382700
tsla,2025-02-13,345.0,358.69000244140625,342.8500061035156,355.94000244140625,89441500
tsla,2025-02-14,360.6199951171875,362.0,347.5,355.8399963378906,68277300
tsla,2025-02-18,355.010009765625,359.1000061035156,350.0199890136719,354.1099853515625,51631700
tsla,2025-02-19,354.0,367.3399963378906,353.6700134277344,360.55999755859375,67094400
tsla,2025-02-20,361.510009765625,362.2999877929688,348.0,354.3999938964844,45965400
tsla,2025-02-21,353.44000244140625,354.9800109863281,334.4200134277344,337.79998779296875,74058600
tsla,2025-02-24,338.1400146484375,342.3999938964844,324.70001220703125,330.5299987792969,76052300
tsla,2025-02-25,327.0199890136719,328.8900146484375,297.25,302.79998779296875,134228800
tsla,2025-02-26,303.7099914550781,309.0,288.0400085449219,290.79998779296875,100118300
tsla,2025-02-27,291.1600036621094,297.2300109863281,280.8800048828125,281.95001220703125,101748200
tsla,2025-02-28,279.5,293.8800048828125,273.6000061035156,292.9800109863281,115697000
tsla,2025-03-03,300.3399963378906,303.94000244140625,277.29998779296875,284.6499938964844,115551400
tsla,2025-03-04,270.92999267578125,284.3500061035156,261.8399963378906,272.0400085449219,126706600
tsla,2025-03-05,272.9200134277344,279.54998779296875,267.7099914550781,279.1000061035156,94042900
tsla,2025-03-06,272.0599975585937,272.6499938964844,260.0199890136719,263.45001220703125,98451600
tsla,2025-03-07,259.32000732421875,266.25,250.72999572753903,262.6700134277344,102369600
tsla,2025-03-10,252.5399932861328,253.3699951171875,220.0,222.1499938964844,189076900
tsla,2025-03-11,225.30999755859372,237.05999755859372,217.0200042724609,230.5800018310547,174896400
tsla,2025-03-12,247.22000122070312,251.83999633789065,241.1000061035156,248.08999633789065,142215700
tsla,2025-03-13,248.1300048828125,248.2899932861328,232.6000061035156,240.67999267578125,114813500
tsla,2025-03-14,247.30999755859372,251.5800018310547,240.72999572753903,249.97999572753903,100242300
tsla,2025-03-17,245.05999755859372,245.3999938964844,232.8000030517578,238.00999450683597,111900600
tsla,2025-03-18,228.16000366210935,230.1000061035156,222.27999877929688,225.30999755859372,111477600
tsla,2025-03-19,231.6100006103516,241.41000366210935,229.1999969482422,235.8600006103516,111993800
tsla,2025-03-20,233.3500061035156,238.0,230.0500030517578,236.25999450683597,99028300
tsla,2025-03-21,234.9900054931641,249.5200042724609,234.5500030517578,248.7100067138672,132728700
tsla,2025-03-24,258.0799865722656,278.6400146484375,256.3299865722656,278.3900146484375,169079900
tsla,2025-03-25,283.6000061035156,288.20001220703125,271.2799987792969,288.1400146484375,150361500
tsla,2025-03-26,282.6600036621094,284.8999938964844,266.510009765625,272.0599975585937,153629800
tsla,2025-03-27,272.4800109863281,291.8500061035156,271.82000732421875,273.1300048828125,162572100
tsla,2025-03-28,275.5799865722656,276.1000061035156,260.57000732421875,263.54998779296875,123809400
tsla,2025-03-31,249.30999755859372,260.5599975585937,243.3600006103516,259.1600036621094,134008900
tsla,2025-04-01,263.79998779296875,277.45001220703125,259.25,268.4599914550781,146486900
tsla,2025-04-02,254.6000061035156,284.989990234375,251.2700042724609,282.760009765625,212787800
tsla,2025-04-03,265.2900085449219,276.29998779296875,261.510009765625,267.2799987792969,136174300
tsla,2025-04-04,255.3800048828125,261.0,236.0,239.42999267578125,181229400
tsla,2025-04-07,223.77999877929688,252.0,214.25,233.2899932861328,183453800
tsla,2025-04-08,245.0,250.44000244140625,217.8000030517578,221.8600006103516,171603500
tsla,2025-04-09,224.69000244140625,274.69000244140625,223.8800048828125,272.20001220703125,219433400
tsla,2025-04-10,260.0,262.489990234375,239.3300018310547,252.3999938964844,181722600
tsla,2025-04-11,251.83999633789065,257.739990234375,241.3600006103516,252.30999755859372,128948100
tsla,2025-04-14,258.3599853515625,261.79998779296875,245.92999267578125,252.3500061035156,100135200
tsla,2025-04-15,249.91000366210935,258.75,247.5399932861328,254.1100006103516,79594300
tsla,2025-04-16,247.6100006103516,251.97000122070312,233.88999938964844,241.5500030517578,112378700
tsla,2025-04-17,243.47000122070312,244.33999633789065,237.67999267578125,241.3699951171875,83404800
tsla,2025-04-21,230.25999450683597,232.2100067138672,222.7899932861328,227.5,97768000
tsla,2025-04-22,230.9600067138672,242.7899932861328,229.8500061035156,237.97000122070312,120858500
tsla,2025-04-23,254.8600006103516,259.45001220703125,244.42999267578125,250.7400054931641,150381900
tsla,2025-04-24,250.5,259.5400085449219,249.1999969482422,259.510009765625,94464200
tsla,2025-04-25,261.69000244140625,286.8500061035156,259.6300048828125,284.95001220703125,167560700
tsla,2025-04-28,288.9800109863281,294.8599853515625,272.4200134277344,285.8800048828125,151731800
tsla,2025-04-29,285.5,293.32000732421875,279.4700012207031,292.0299987792969,108906600
tsla,2025-04-30,279.8999938964844,284.45001220703125,270.7799987792969,282.1600036621094,128961100
tsla,2025-05-01,280.010009765625,290.8699951171875,279.8099975585937,280.5199890136719,99659000
tsla,2025-05-02,284.8999938964844,294.7799987792969,279.8099975585937,287.2099914550781,114454700
tsla,2025-05-05,284.57000732421875,284.8500061035156,274.3999938964844,280.260009765625,94618900
tsla,2025-05-06,273.1099853515625,277.7300109863281,271.3500061035156,275.3500061035156,76715800
tsla,2025-05-07,276.8800048828125,277.9200134277344,271.0,276.2200012207031,71592600
tsla,2025-05-08,279.6300048828125,289.79998779296875,279.4100036621094,284.82000732421875,97539400
tsla,2025-05-09,290.2099914550781,307.0400085449219,290.0,298.260009765625,132387800
tsla,2025-05-12,321.989990234375,322.2099914550781,311.5,318.3800048828125,112826700
tsla,2025-05-13,320.0,337.5899963378906,316.79998779296875,334.07000732421875,136992600
tsla,2025-05-14,342.5,350.0,337.0,347.67999267578125,136997300
tsla,2025-05-15,340.3399963378906,346.1400146484375,334.7200012207031,342.82000732421875,97882600
tsla,2025-05-16,346.239990234375,351.6199951171875,342.3299865722656,349.9800109863281,95895700
tsla,2025-05-19,336.29998779296875,343.0,333.3699951171875,342.0899963378906,88869900
tsla,2025-05-20,347.8699951171875,354.989990234375,341.6300048828125,343.82000732421875,131715500
tsla,2025-05-21,344.42999267578125,347.3500061035156,332.20001220703125,334.6199951171875,102354800
tsla,2025-05-22,331.8999938964844,347.2699890136719,331.3900146484375,341.0400085449219,97113400
tsla,2025-05-23,337.9200134277344,343.17999267578125,333.2099914550781,339.3399963378906,84654800
tsla,2025-05-27,347.3500061035156,363.7900085449219,347.32000732421875,362.8900146484375,120146400
tsla,2025-05-28,364.8399963378906,365.0,355.9100036621094,356.8999938964844,91404300
tsla,2025-05-29,365.2900085449219,367.7099914550781,356.0,358.42999267578125,88087800
tsla,2025-05-30,355.5199890136719,363.6799926757813,345.2900085449219,346.4599914550781,123474900
tsla,2025-06-02,343.5,348.0199890136719,333.3299865722656,342.69000244140625,81873800
tsla,2025-06-03,346.6000061035156,355.3999938964844,343.0400085449219,344.2699890136719,99324500
tsla,2025-06-04,345.1000061035156,345.6000061035156,327.3299865722656,332.04998779296875,98912100
tsla,2025-06-05,322.489990234375,324.54998779296875,273.2099914550781,284.70001220703125,287499800
tsla,2025-06-06,298.8299865722656,305.5,291.1400146484375,295.1400146484375,164747700
tsla,2025-06-09,285.9599914550781,309.8299865722656,281.8500061035156,308.5799865722656,140908900
tsla,2025-06-10,314.94000244140625,327.8299865722656,310.6700134277344,326.0899963378906,151256500
tsla,2025-06-11,334.3999938964844,335.5,322.5,326.42999267578125,122611400
tsla,2025-06-12,323.0799865722656,332.5599975585937,316.8599853515625,319.1099853515625,105127500
tsla,2025-06-13,313.9700012207031,332.989990234375,313.29998779296875,325.3099975585937,128964300
tsla,2025-06-16,331.2900085449219,332.04998779296875,326.4100036621094,329.1300048828125,83925900
tsla,2025-06-17,326.0899963378906,327.260009765625,314.739990234375,316.3500061035156,88282700
tsla,2025-06-18,317.3099975585937,329.32000732421875,315.45001220703125,322.04998779296875,95137700
tsla,2025-06-20,327.95001220703125,332.3599853515625,317.7799987792969,322.1600036621094,108688000
tsla,2025-06-23,327.5400085449219,357.5400085449219,327.4800109863281,348.67999267578125,190716800
tsla,2025-06-24,356.1700134277344,356.260009765625,340.44000244140625,340.4700012207031,114736200
tsla,2025-06-25,342.70001220703125,343.0,320.3999938964844,327.54998779296875,119845100
tsla,2025-06-26,324.6099853515625,331.04998779296875,323.6099853515625,325.7799987792969,80440900
tsla,2025-06-27,324.510009765625,329.3399963378906,317.5,323.6300048828125,89067000
tsla,2025-06-30,319.8999938964844,325.5799865722656,316.6000061035156,317.6600036621094,76695100
tsla,2025-07-01,298.4599914550781,305.8900146484375,293.2099914550781,300.7099914550781,145085700
tsla,2025-07-02,312.6300048828125,316.8299865722656,303.82000732421875,315.6499938964844,119483700
tsla,2025-07-03,317.989990234375,318.45001220703125,312.760009765625,315.3500061035156,58042300
tsla,2025-07-07,291.3699951171875,296.1499938964844,288.7699890136719,293.94000244140625,131177900
tsla,2025-07-08,297.0,304.04998779296875,294.3500061035156,297.8099975585937,103246700
tsla,2025-07-09,297.54998779296875,300.1499938964844,293.54998779296875,295.8800048828125,75586800
tsla,2025-07-10,300.04998779296875,310.4800109863281,300.0,309.8699951171875,104365300
tsla,2025-07-11,307.8900146484375,314.0899963378906,305.6499938964844,313.510009765625,79236400
tsla,2025-07-14,317.7300109863281,322.6000061035156,312.6700134277344,316.8999938964844,78043400
tsla,2025-07-15,319.67999267578125,321.20001220703125,310.5,310.7799987792969,77556300
tsla,2025-07-16,312.79998779296875,323.5,312.6199951171875,321.6700134277344,97284800
tsla,2025-07-17,323.1499938964844,324.3399963378906,317.0599975585937,319.4100036621094,73922900
tsla,2025-07-18,321.6600036621094,330.8999938964844,321.4200134277344,329.6499938964844,94255000
tsla,2025-07-21,334.3999938964844,338.0,326.8800048828125,328.489990234375,75768800
tsla,2025-07-22,329.739990234375,335.4100036621094,321.54998779296875,332.1099853515625,77370400
tsla,2025-07-23,330.8999938964844,336.20001220703125,328.6700134277344,332.5599975585937,92553800
tsla,2025-07-24,310.0,310.1499938964844,300.4100036621094,305.29998779296875,156966000
tsla,2025-07-25,308.739990234375,323.6300048828125,308.010009765625,316.0599975585937,148227000
tsla,2025-07-28,318.45001220703125,330.489990234375,315.69000244140625,325.5899963378906,112432900
